Bezirk Tempelhof-Schˆneberg: Energieverbrauchs¸bersicht bezirklicher Geb‰ude f¸r 2010-2019;;;;;;;;;;;;;;;;
ID;Liegenschaft;Adresse;PLZ;Bauwerk;"Energieart
(W‰rmeverbrauch ist witterungsbereinigt)";Einheit;2010;2011;2012;2013;2014;2015;2016;2017;2018;2019
293;Schul- und Sportamt;Alarichstraﬂe 12-17;12105;Dienstgeb‰ude;Strom;kWh;0;0;0;8.822;40.696;40.946;47.620;46.000;44.704;44.682
1;Seniorendomizil Am Alboinplatz;Alboinplatz 17-18;12105;Seniorenwohnheim;W‰rme;kWh;344.782;368.203;388.908;318.925;374.817;336.773;358.496;393.417;439.702;398.356
1;Seniorendomizil Am Alboinplatz;Alboinplatz 17-18;12105;Seniorenwohnheim;Strom;kWh;34.265;10.307;16.045;15.742;15.777;15.824;32.285;23.185;12.870;15.298
2;Jugendfreizeiteinrichtung - Jugendcafe Am Dorfteich;Alt-Lichtenrade 103;12309;Jugendfreizeiteinrichtung;W‰rme;kWh;38.544;40.335;39.554;47.868;48.792;48.551;47.139;49.919;49.469;51.461
2;Jugendfreizeiteinrichtung - Jugendcafe Am Dorfteich;Alt-Lichtenrade 103;12309;Jugendfreizeiteinrichtung;Strom;kWh;6.499;6.685;6.574;6.556;6.724;6.698;1.460;5.496;26.155;5.220
282;Annedore-Leber-Schule;Alt-Lichtenrade 113-115;12309;Schulgeb‰ude (Filiale);W‰rme;kWh;111.221;0;0;0;0;0;0;0;0;0
282;Annedore-Leber-Schule;Alt-Lichtenrade 113-115;12309;Schulgeb‰ude (Filiale);Strom;kWh;9.142;0;0;0;0;0;0;0;0;0
3;Seniorenheim Rudolf-Wissell-Haus;Alt-Mariendorf 24-26;12107;Wohnhaus 1;W‰rme;kWh;488.792;546.912;474.788;502.685;687.819;384.058;542.645;548.096;544.528;569.323
3;Seniorenheim Rudolf-Wissell-Haus;Alt-Mariendorf 24-26;12107;Wohnhaus 1;Strom;kWh;36.858;37.372;35.707;38.771;35.076;37.164;33.995;37.588;33.120;37.409
4;Seniorenheim Rudolf-Wissell-Haus;Alt-Mariendorf 24-26;12107;Wohnhaus 2;W‰rme;kWh;45.759;51.200;44.448;47.060;64.391;35.954;50.801;51.311;50.977;53.298
4;Seniorenheim Rudolf-Wissell-Haus;Alt-Mariendorf 24-26;12107;Wohnhaus 2;Strom;kWh;3.450;3.499;3.343;3.630;3.284;3.479;3.183;3.519;3.101;3.502
5;Musikschule / Heimatmuseum ;Alt-Mariendorf 43;12107;Museum;W‰rme;kWh;121.166;160.109;148.938;86.348;92.707;161.576;141.108;135.289;143.976;120.764
5;Musikschule / Heimatmuseum ;Alt-Mariendorf 43;12107;Museum;Strom;kWh;7.938;6.818;3.344;2.803;6.373;5.204;5.064;5.157;4.380;5.883
7;Solling-Schule;Alt-Marienfelde 52;12277;Schulgeb‰ude;W‰rme;kWh;1.027.978;1.069.328;1.075.522;1.000.987;1.161.395;1.031.768;1.041.646;1.129.614;1.190.940;1.070.628
7;Solling-Schule;Alt-Marienfelde 52;12277;Schulgeb‰ude;Strom;kWh;148.766;127.537;135.997;139.453;146.636;127.521;133.441;142.020;137.747;132.493
12;Solling-Schule;Alt-Marienfelde 52;12277;Sporthalle;W‰rme;kWh;127.268;132.387;133.154;123.926;143.785;127.737;128.960;139.851;147.443;132.548
12;Solling-Schule;Alt-Marienfelde 52;12277;Sporthalle;Strom;kWh;18.418;15.790;16.837;17.265;18.154;15.788;16.521;17.583;17.054;16.403
13;Schule Am Berlinickeplatz;Alt-Tempelhof 53-57;12103;Schulgeb‰ude;W‰rme;kWh;471.222;434.310;450.961;477.166;419.063;419.691;459.642;498.139;500.703;515.769
13;Schule Am Berlinickeplatz;Alt-Tempelhof 53-57;12103;Schulgeb‰ude;Strom;kWh;46.753;45.703;42.519;41.572;49.478;44.208;51.113;62.207;48.910;54.171
14;Schule Am Berlinickeplatz;Alt-Tempelhof 53-57;12103;Mobile Klassen;W‰rme;kWh;30.936;28.513;29.606;31.327;27.512;27.553;30.176;32.703;32.872;33.861
14;Schule Am Berlinickeplatz;Alt-Tempelhof 53-57;12103;Mobile Klassen;Strom;kWh;3.069;3.000;2.791;2.729;3.248;2.902;3.356;4.084;3.211;3.556
15;Schule Am Berlinickeplatz;Alt-Tempelhof 53-57;12103;Doppelsporthalle;W‰rme;kWh;158.533;146.115;151.717;160.533;140.986;141.197;154.638;167.589;168.452;173.520
15;Schule Am Berlinickeplatz;Alt-Tempelhof 53-57;12103;Doppelsporthalle;Strom;kWh;15.729;15.376;14.305;13.986;16.646;14.873;17.196;20.928;16.455;18.225
16;Carl-Sonnenschein-Schule;Am Hellespont 4/6;12109;Hortgeb‰ude;W‰rme;kWh;87.760;88.611;86.916;72.889;48.015;36.627;61.112;66.925;67.630;65.514
16;Carl-Sonnenschein-Schule;Am Hellespont 4/6;12109;Hortgeb‰ude;Strom;kWh;6.839;10.636;7.635;6.491;7.550;7.875;11.064;10.869;10.702;11.387
17;Carl-Sonnenschein-Schule;Am Hellespont 4/6;12109;Schulgeb‰ude;W‰rme;kWh;499.733;504.579;494.929;415.052;273.412;208.569;347.990;381.091;385.106;373.057
17;Carl-Sonnenschein-Schule;Am Hellespont 4/6;12109;Schulgeb‰ude;Strom;kWh;38.946;60.566;43.476;36.960;42.995;44.840;63.001;61.890;60.938;64.842
18;Carl-Sonnenschein-Schule;Am Hellespont 4/6;12109;Mobile Klassen;W‰rme;kWh;89.222;90.088;88.365;74.103;48.815;37.238;62.130;68.040;68.757;66.606
18;Carl-Sonnenschein-Schule;Am Hellespont 4/6;12109;Mobile Klassen;Strom;kWh;6.953;10.813;7.762;6.599;7.676;8.006;11.248;11.050;10.880;11.577
19;Carl-Sonnenschein-Schule;Am Hellespont 4/6;12109;Sporthalle;W‰rme;kWh;110.547;111.618;109.484;91.814;60.482;46.138;76.979;84.302;85.190;82.524
19;Carl-Sonnenschein-Schule;Am Hellespont 4/6;12109;Sporthalle;Strom;kWh;8.615;13.398;9.617;8.176;9.511;9.919;13.937;13.691;13.480;14.344
20;Seniorenclub Am M¸hlenberg;Am M¸hlenberg 12;10825;Seniorenfreizeiteinrichtung;W‰rme;kWh;73.056;78.848;72.048;68.513;59.485;52.341;54.229;54.122;63.600;59.076
20;Seniorenclub Am M¸hlenberg;Am M¸hlenberg 12;10825;Seniorenfreizeiteinrichtung;Strom;kWh;6.476;5.485;5.803;5.688;4.183;5.738;5.798;5.414;5.462;5.633
21;"Sportplatz ""An der Dorfkirche""";An der Dorfkirche 9;12277;Umkleidegeb‰ude;W‰rme;kWh;35.500;42.471;42.918;42.286;45.508;54.583;38.116;38.721;56.926;39.317
21;"Sportplatz ""An der Dorfkirche""";An der Dorfkirche 9;12277;Umkleidegeb‰ude;Strom;kWh;40.103;27.212;6.166;23.214;24.071;15.187;27.079;26.360;25.364;21.398
22;"Sportplatz ""An der Dorfkirche""";An der Dorfkirche 9;12277;Umkleidegeb‰ude;W‰rme;kWh;6.586;7.879;7.962;7.844;8.442;10.126;7.071;7.183;10.560;7.294
22;"Sportplatz ""An der Dorfkirche""";An der Dorfkirche 9;12277;Umkleidegeb‰ude;Strom;kWh;7.440;5.048;1.144;4.306;4.465;2.817;5.023;4.890;4.705;3.970
23;"Sportplatz ""An der Dorfkirche""";An der Dorfkirche 9;12277;Kiosk;Strom;kWh;5.383;3.653;828;3.116;3.231;2.039;3.635;3.538;3.405;2.872
24;"Sportplatz ""An der Dorfkirche""";An der Dorfkirche 9;12277;Sportplatz / Sportbetriebsgeb‰ude;W‰rme;kWh;49.376;59.071;59.693;58.813;63.294;75.917;53.014;53.856;79.175;54.684
24;"Sportplatz ""An der Dorfkirche""";An der Dorfkirche 9;12277;Sportplatz / Sportbetriebsgeb‰ude;Strom;kWh;55.778;37.848;8.576;32.287;33.479;21.123;37.663;36.662;35.277;29.761
303;Spielstraﬂe - Beleuchtung;Apostel-Paulus-Straﬂe 12;10825;Gr¸nfl‰che / Beleuchtung;Strom;kWh;227;227;227;227;227;227;227;227;227;227
25;Grundschule Am Barbarossaplatz & Albert-Einstein-VHS;Barbarossaplatz 5;10781;Schulgeb‰ude;W‰rme;kWh;767.160;740.236;699.889;833.584;830.158;793.589;809.480;912.795;960.436;869.436
25;Grundschule Am Barbarossaplatz & Albert-Einstein-VHS;Barbarossaplatz 5;10781;Schulgeb‰ude;Strom;kWh;155.323;142.723;151.718;156.772;154.225;158.365;154.432;161.415;152.897;154.564
28;Carl-Zeiss-Schule;Barnetstraﬂe 12-14;12305;Schulgeb‰ude;W‰rme;kWh;680.233;698.327;621.023;668.024;632.456;675.541;639.388;617.967;644.839;630.584
28;Carl-Zeiss-Schule;Barnetstraﬂe 12-14;12305;Schulgeb‰ude;Strom;kWh;277.296;266.895;248.859;279.249;261.685;250.608;260.078;252.607;257.320;274.011
27;Carl-Zeiss-Schule;Barnetstraﬂe 12-14 / Lutherstraﬂe 30;12305;Sporthalle;W‰rme;kWh;427.517;453.108;470.545;458.292;517.897;438.112;419.657;389.034;389.115;377.036
27;Carl-Zeiss-Schule;Barnetstraﬂe 12-14 / Lutherstraﬂe 30;12305;Sporthalle;Strom;kWh;63.847;61.452;57.299;64.297;60.253;57.702;59.882;58.162;59.247;63.090
283;Sportanlage - Bauﬂnerweg;Bauﬂnerweg 8 / Marienfelder Allee;12279;Sporthalle;W‰rme;kWh;0;0;67.349;248.270;267.413;103.190;120.429;290.247;287.667;42.126
283;Sportanlage - Bauﬂnerweg;Bauﬂnerweg 8 / Marienfelder Allee;12279;Sporthalle;Strom;kWh;7.193;1.129;13.274;11.129;11.128;202.577;65.943;149.246;68.623;90.134
304;Brunnen - Lebensalter;Bayreuther Straﬂe 36;10787;Brunnen;Strom;kWh;26;32;167;74;73;15;67;7;13;15
305;Markt - Wittenbergplatz;Bayreuther Straﬂe 37;10787;Markt;Strom;kWh;43.466;46.162;44.640;44.570;50.254;49.095;53.555;48.930;44.815;45.000
29;Gustav-Langenscheidt-Schule;Belziger Straﬂe 43-51;10823;Sporthalle;W‰rme;kWh;100.449;89.354;90.406;90.964;93.113;98.570;100.962;104.260;110.720;100.669
29;Gustav-Langenscheidt-Schule;Belziger Straﬂe 43-51;10823;Sporthalle;Strom;kWh;20.155;19.040;19.102;18.870;18.971;17.665;17.401;17.490;16.848;14.949
30;Gustav-Langenscheidt-Schule;Belziger Straﬂe 43-51;10823;Schulgeb‰ude;W‰rme;kWh;785.378;698.635;706.639;711.026;727.961;770.569;789.061;814.924;865.339;786.879
30;Gustav-Langenscheidt-Schule;Belziger Straﬂe 43-51;10823;Schulgeb‰ude;Strom;kWh;142.721;134.826;135.265;133.626;134.339;125.090;123.222;123.851;119.303;105.856
306;Kinderspielplatz - Belziger Straﬂe;Belziger Straﬂe 8;10823;Gr¸nfl‰che / Beleuchtung;Strom;kWh;1.204;1.215;3.460;3.179;1.414;2.190;2.290;2.191;2.202;2.589
31;Lˆcknitz-Schule;Berchtesgadener Straﬂe 10-11;10779;Schulgeb‰ude;W‰rme;kWh;302.244;324.404;307.891;372.182;319.628;292.697;269.273;278.074;297.942;290.646
31;Lˆcknitz-Schule;Berchtesgadener Straﬂe 10-11;10779;Schulgeb‰ude;Strom;kWh;27.314;55.629;32.487;40.578;43.029;39.646;46.308;55.415;55.560;55.793
32;Lˆcknitz-Schule;Berchtesgadener Straﬂe 10-11;10779;Mensa (Anbau);W‰rme;kWh;56.931;61.105;57.995;70.105;60.205;55.133;50.721;52.378;56.121;54.746
32;Lˆcknitz-Schule;Berchtesgadener Straﬂe 10-11;10779;Mensa (Anbau);Strom;kWh;5.145;10.478;6.119;7.643;8.105;7.468;8.723;10.438;10.465;10.509
33;Lˆcknitz-Schule;Berchtesgadener Straﬂe 10-11;10779;Mobile Klassen;W‰rme;kWh;78.632;67.202;65.257;68.183;54.678;37.224;33.575;34.280;38.143;39.479
33;Lˆcknitz-Schule;Berchtesgadener Straﬂe 10-11;10779;Mobile Klassen;Strom;kWh;3.279;6.679;3.900;4.872;5.166;4.760;5.560;6.653;6.670;6.698
34;Lˆcknitz-Schule;Berchtesgadener Straﬂe 10-11;10779;Sporthalle;W‰rme;kWh;64.630;69.369;65.838;79.586;68.348;62.589;57.580;59.462;63.710;62.150
34;Lˆcknitz-Schule;Berchtesgadener Straﬂe 10-11;10779;Sporthalle;Strom;kWh;5.841;11.896;6.947;8.677;9.201;8.478;9.902;11.850;11.881;11.930
307;Nelly-Sachs-Park - Beleuchtung & Brunnen;Blumenthaler Straﬂe 19;10783;Gr¸nfl‰che / Beleuchtung;Strom;kWh;28.318;17.358;23.861;22.319;26.182;25.830;24.935;24.295;22.724;0
308;Park am Wolffring - Brunnenanlage & Planschbecken;Boelckestraﬂe;12101;Gr¸nfl‰che / Beleuchtung;Strom;kWh;115;113;114;307;189;239;175;174;124;197
35;Seniorenfreizeitst‰tte - Mireille Mathieu;Boelckestraﬂe 102;12101;Seniorenfreizeiteinrichtung;W‰rme;kWh;52.890;57.427;51.006;51.597;52.992;52.305;52.824;56.581;56.222;74.101
36;Tempelherren Schule / Hugo-Gaudig-Schule;Boelckestraﬂe 58-60;12101;Sporthalle (neu);W‰rme;kWh;921.011;878.774;760.070;981.517;884.771;811.393;862.067;840.584;832.926;819.889
36;Tempelherren Schule / Hugo-Gaudig-Schule;Boelckestraﬂe 58-60;12101;Sporthalle (neu);Strom;kWh;11.729;12.320;12.398;12.023;13.496;14.784;15.234;14.161;13.927;14.211
37;Tempelherren Schule / Hugo-Gaudig-Schule;Boelckestraﬂe 58-60;12101;Sporthalle (alt);W‰rme;kWh;1.801;3;1.269;2.651;2.669;2.722;4.433;3.197;3.175;1.145
37;Tempelherren Schule / Hugo-Gaudig-Schule;Boelckestraﬂe 58-60;12101;Sporthalle (alt);Strom;kWh;5.321;5.589;5.625;5.454;6.123;6.707;6.911;6.424;6.318;6.447
38;Tempelherren Schule / Hugo-Gaudig-Schule;Boelckestraﬂe 58-60;12101;Schulgeb‰ude;W‰rme;kWh;47.516;84;33.481;69.941;70.418;71.821;116.978;84.363;83.768;30.202
38;Tempelherren Schule / Hugo-Gaudig-Schule;Boelckestraﬂe 58-60;12101;Schulgeb‰ude;Strom;kWh;140.409;147.475;148.419;143.926;161.560;176.971;182.368;169.512;166.716;170.113
39;Friedrich-Ebert-Sportanlage ;Bosestraﬂe 21;12103;Sporthalle (Anbau);W‰rme;kWh;62.504;23.265;33.576;31.776;32.320;28.972;29.103;31.688;33.119;32.446
39;Friedrich-Ebert-Sportanlage ;Bosestraﬂe 21;12103;Sporthalle (Anbau);Strom;kWh;10.833;7.444;14.403;15.468;10.575;11.253;14.429;13.361;13.005;13.468
40;Friedrich-Ebert-Sportanlage ;Bosestraﬂe 21;12103;Sporthalle;W‰rme;kWh;373.839;139.151;200.818;190.055;193.304;173.282;174.063;189.525;198.086;194.061
40;Friedrich-Ebert-Sportanlage ;Bosestraﬂe 21;12103;Sporthalle;Strom;kWh;64.791;44.520;86.146;92.512;63.246;67.304;86.298;79.913;77.781;80.554
41;Friedrich-Ebert-Sportanlage ;Bosestraﬂe 21;12103;Umkleidegeb‰ude;W‰rme;kWh;16.296;140.075;129.278;107.476;104.580;108.452;84.514;101.022;110.671;102.213
41;Friedrich-Ebert-Sportanlage ;Bosestraﬂe 21;12103;Umkleidegeb‰ude;Strom;kWh;17.650;12.128;23.467;25.201;17.229;18.334;23.508;21.769;21.188;21.944
309;Flachbunker / Zivilschutzbunker;Bosestraﬂe 5;12103;Bunker;Strom;kWh;1.994;69;68;9;6;6;7;18;554;17
42;Jugendfreizeitst‰tte - Boseclub;Bosestraﬂe 6;12103;Jugendfreizeiteinrichtung;W‰rme;kWh;53.551;32.407;0;0;0;0;0;0;0;0
42;Jugendfreizeitst‰tte - Boseclub;Bosestraﬂe 6;12103;Jugendfreizeiteinrichtung;Strom;kWh;5.735;1.496;0;0;0;0;0;0;0;0
310;Markt - Breslauer Platz;Breslauer Platz;12159;Markt;Strom;kWh;28.687;29.047;29.043;28.997;17.572;17.731;27.724;24.068;24.685;24.033
213;Ulrich-von-Hutten-Schule;Briesingstraﬂe 23-27;12307;Sporthalle;W‰rme;kWh;324.071;377.414;347.333;389.239;388.656;408.489;366.522;303.392;450.595;446.819
213;Ulrich-von-Hutten-Schule;Briesingstraﬂe 23-27;12307;Sporthalle;Strom;kWh;81.080;92.289;61.335;70.962;63.796;73.371;73.400;75.300;71.550;68.100
43;B¸rgeramt;Briesingstraﬂe 6;12307;Dienstgeb‰ude;Strom;kWh;0;0;0;15.050;55.000;54.360;55.525;56.395;53.880;51.500
311;Gr¸nanlage, Grundwasserbrunnen, Noack-Turm;Britzer Straﬂe 38-60;12109;Gr¸nfl‰che / Beleuchtung;Strom;kWh;2.419;2.334;2.825;3.303;2.792;2.392;4.679;4.065;5.433;2.271
284;Jugendfreizeitst‰tte - Sozialistische Jugend - Die Falken;B¸lowstraﬂe 39;10783;Jugendfreizeiteinrichtung;W‰rme;kWh;27;22;32;81;183;1.415;1.306;1.319;1.406;1.402
284;Jugendfreizeitst‰tte - Sozialistische Jugend - Die Falken;B¸lowstraﬂe 39;10783;Jugendfreizeiteinrichtung;Strom;kWh;715;611;595;593;596;1.287;925;914;1.210;779
70;Maria-Montessori-Schule;Burgemeisterstraﬂe 70;12103;Sporthalle;W‰rme;kWh;102.013;115.535;87.742;92.599;92.146;93.835;95.466;81.111;101.623;48.126
70;Maria-Montessori-Schule;Burgemeisterstraﬂe 70;12103;Sporthalle;Strom;kWh;10.463;10.349;23.640;14.530;13.620;13.649;17.722;15.429;15.065;17.853
44;Marktmeisterhaus;Crellestraﬂe 24;10827;Kiosk;W‰rme;kWh;6.026;9.241;7.338;9.548;9.325;9.452;7.787;7.882;8.005;8.492
44;Marktmeisterhaus;Crellestraﬂe 24;10827;Kiosk;Strom;kWh;20.179;23.413;22.550;22.208;12.866;21.386;18.894;17.225;15.268;15.652
285;Carl-Sonnenschein-Schule;Dardanellenweg 50;10719;Schulgeb‰ude (Filiale);W‰rme;kWh;0;0;0;0;10.652;17.403;0;0;0;0
285;Carl-Sonnenschein-Schule;Dardanellenweg 50;10719;Schulgeb‰ude (Filiale);Strom;kWh;0;0;0;0;38;995;0;0;0;0
312;Skaterfl‰che - Beleuchtung;Diedersdorfer Weg;12277;Gr¸nfl‰che / Beleuchtung;Strom;kWh;48;18.549;100;25;8;0;1.338;1.477;2.718;2.324
46;Schule am Dielingsgrund;Dielingsgrund 35;12305;Sporthalle;W‰rme;kWh;110.481;94.218;103.662;96.605;92.361;93.218;93.340;94.029;110.113;99.258
46;Schule am Dielingsgrund;Dielingsgrund 35;12305;Sporthalle;Strom;kWh;16.936;9.648;17.235;17.996;18.128;16.796;17.028;18.230;17.506;15.300
47;Schule am Dielingsgrund;Dielingsgrund 35;12305;Hortgeb‰ude;W‰rme;kWh;85.940;73.290;80.636;75.147;71.845;72.512;72.607;73.143;85.654;77.210
47;Schule am Dielingsgrund;Dielingsgrund 35;12305;Hortgeb‰ude;Strom;kWh;13.174;7.505;13.406;13.999;14.101;13.065;13.246;14.181;13.617;11.902
48;Schule am Dielingsgrund;Dielingsgrund 35;12305;Schulgeb‰ude;W‰rme;kWh;595.573;507.904;558.813;520.773;497.893;502.515;503.169;506.885;593.591;535.070
48;Schule am Dielingsgrund;Dielingsgrund 35;12305;Schulgeb‰ude;Strom;kWh;91.297;52.012;92.908;97.011;97.720;90.544;91.794;98.272;94.369;82.479
50;Diakonisches Werk Tempelhof-Schˆneberg e.V (Schulf¸rsorge);Domagkstraﬂe 3/5;12277;Dienstgeb‰ude;W‰rme;kWh;130.453;121.962;120.116;132.842;120.250;115.592;118.709;116.765;121.373;120.203
50;Diakonisches Werk Tempelhof-Schˆneberg e.V (Schulf¸rsorge);Domagkstraﬂe 3/5;12277;Dienstgeb‰ude;Strom;kWh;5.750;11.568;11.704;13.871;14.184;14.309;11.059;10.433;8.654;10.123
51;Werkhof;Domnauer Straﬂe 41;12105;Dienstgeb‰ude;W‰rme;kWh;131.407;142.525;110.673;100.007;107.782;110.654;92.016;114.170;122.487;141.175
51;Werkhof;Domnauer Straﬂe 41;12105;Dienstgeb‰ude;Strom;kWh;8.415;7.321;6.233;6.946;7.708;7.732;6.830;9.077;9.623;9.457
52;Werkhof;Domnauer Straﬂe 41;12105;Werkhalle / Werkstatt;W‰rme;kWh;176.703;191.653;148.822;134.480;144.935;148.796;123.734;153.525;164.709;189.838
52;Werkhof;Domnauer Straﬂe 41;12105;Werkhalle / Werkstatt;Strom;kWh;11.316;9.844;8.382;9.341;10.365;10.397;9.184;12.206;12.940;12.717
53;Werkhof;Domnauer Straﬂe 41;12105;Garage / Wagenhalle;W‰rme;kWh;270.182;293.041;227.551;205.621;221.608;227.512;189.191;234.742;251.842;290.265
53;Werkhof;Domnauer Straﬂe 41;12105;Garage / Wagenhalle;Strom;kWh;17.302;15.052;12.815;14.282;15.848;15.898;14.043;18.663;19.786;19.444
65;Teltow-Schule;Ebersstraﬂe 9 / Feurigstraﬂe 57;10827;Beratungsstelle LSA;W‰rme;kWh;252.342;248.648;217.169;271.316;325.115;303.102;284.594;273.968;232.801;222.705
65;Teltow-Schule;Ebersstraﬂe 9 / Feurigstraﬂe 57;10827;Beratungsstelle LSA;Strom;kWh;48.469;50.630;50.839;48.206;48.225;56.992;54.740;57.040;51.100;52.180
294;Friedhof 1;Eisackstraﬂe 40a / K‰rntener Straﬂe;10827;Verwaltungsgeb‰ude;Strom;kWh;10.312;22.734;15.494;15.059;12.918;18.416;20.979;25.527;5.890;22.635
54;Sophie-Scholl-Schule;Elﬂholzstraﬂe 34-37;10781;Schulgeb‰ude;W‰rme;kWh;1.615.874;1.501.596;1.504.739;1.562.785;1.200.089;1.299.544;1.410.162;1.495.200;1.605.905;1.391.327
54;Sophie-Scholl-Schule;Elﬂholzstraﬂe 34-37;10781;Schulgeb‰ude;Strom;kWh;445.181;439.649;417.743;398.048;373.134;351.144;316.903;352.597;341.136;329.034
55;Sophie-Scholl-Schule;Elﬂholzstraﬂe 34-37 / Pallastraﬂe 34;10781;Sporthalle;W‰rme;kWh;369.642;343.500;344.219;170.939;492.074;400.964;445.726;391.484;442.994;382.069
55;Sophie-Scholl-Schule;Elﬂholzstraﬂe 34-37 / Pallastraﬂe 34;10781;Sporthalle;Strom;kWh;5.214;5.240;5.560;5.671;4.102;4.400;4.732;4.436;3.697;3.734
56;Marienfelder-Schule;Erbendorfer Weg 13;12279;Sporthalle;W‰rme;kWh;208.763;184.680;160.776;155.053;157.108;208.355;179.430;163.042;162.876;132.898
56;Marienfelder-Schule;Erbendorfer Weg 13;12279;Sporthalle;Strom;kWh;13.965;30.640;25.753;23.867;45.687;62.967;39.854;38.196;71.649;40.084
57;Marienfelder-Schule;Erbendorfer Weg 13;12279;Schulgeb‰ude;W‰rme;kWh;752.966;666.104;579.889;559.248;566.657;751.496;647.169;588.061;587.460;479.338
57;Marienfelder-Schule;Erbendorfer Weg 13;12279;Schulgeb‰ude;Strom;kWh;75.890;75.889;64.853;76.579;79.859;74.726;54.437;74.547;88.291;31.213
58;Marienfelder-Schule;Erbendorfer Weg 15;12279;Hortgeb‰ude;W‰rme;kWh;126.068;122.326;116.923;121.092;124.191;127.476;125.747;135.288;141.797;131.099
58;Marienfelder-Schule;Erbendorfer Weg 15;12279;Hortgeb‰ude;Strom;kWh;15.939;16.244;15.890;12.068;11.791;18.610;13.451;21.116;16.324;16.808
295;Gesundheitshaus;Erfurter Straﬂe 7-8;10825;Betreuungsst‰tte;Strom;kWh;189.531;0;0;0;0;0;0;0;0;0
59;Friedhof 2;Eythstraﬂe 7/9;12105;Kapelle;W‰rme;kWh;110.355;127.342;123.141;127.074;124.993;118.266;91.800;66.949;66.491;111.475
59;Friedhof 2;Eythstraﬂe 7/9;12105;Kapelle;Strom;kWh;7.303;7.593;16.450;15.523;15.712;24.869;15.850;10.936;14.628;16.057
60;Friedhof 2;Eythstraﬂe 7/9;12105;Verwaltungsgeb‰ude;W‰rme;kWh;60.107;69.360;67.071;69.214;68.080;0;0;0;0;0
60;Friedhof 2;Eythstraﬂe 7/9;12105;Verwaltungsgeb‰ude;Strom;kWh;2.269;2.092;2.193;2.174;2.184;1.033;0;0;0;0
61;Paul-Simmel-Schule;Felixstraﬂe 26;12099;Schulgeb‰ude;W‰rme;kWh;625.042;644.477;582.971;778.983;636.905;597.800;545.890;645.872;705.402;778.008
61;Paul-Simmel-Schule;Felixstraﬂe 26;12099;Schulgeb‰ude;Strom;kWh;75.703;76.606;76.831;73.659;74.591;70.044;81.514;92.466;68.422;74.379
62;Paul-Simmel-Schule;Felixstraﬂe 26;12099;Mobile Klassen;W‰rme;kWh;75.359;77.702;70.286;93.919;76.789;72.074;65.816;77.870;85.047;93.801
62;Paul-Simmel-Schule;Felixstraﬂe 26;12099;Mobile Klassen;Strom;kWh;9.127;9.236;9.263;8.881;8.993;8.445;9.828;11.148;8.249;8.968
63;Paul-Simmel-Schule;Felixstraﬂe 26;12099;Sporthalle;W‰rme;kWh;175.657;181.119;163.834;218.919;178.991;168.001;153.413;181.511;198.241;218.645
63;Paul-Simmel-Schule;Felixstraﬂe 26;12099;Sporthalle;Strom;kWh;21.275;21.529;21.592;20.700;20.962;19.685;22.908;25.986;19.229;20.903
296;Paul-Simmel-Schule;Felixstraﬂe 26;12099;MEB;Strom;kWh;0;0;0;0;0;0;0;7.433;21.615;0
64;Teltow-Schule;Feurigstraﬂe 57;10827;Sporthalle;W‰rme;kWh;118.230;116.500;101.751;127.120;152.327;142.013;133.341;128.363;109.075;104.345
64;Teltow-Schule;Feurigstraﬂe 57;10827;Sporthalle;Strom;kWh;9.327;10.401;10.333;11.308;10.903;10.928;11.365;11.457;13.351;13.151
66;Teltow-Schule;Feurigstraﬂe 57;10827;Schulgeb‰ude;W‰rme;kWh;590.192;581.553;507.929;634.569;760.397;708.913;665.625;640.772;544.489;520.876
66;Teltow-Schule;Feurigstraﬂe 57;10827;Schulgeb‰ude;Strom;kWh;46.562;51.922;51.583;56.451;54.426;54.552;56.735;57.193;66.649;65.649
292;Jugendfreizeiteinrichtung - Finchleystraﬂe;Finchleystraﬂe 11;12305;Jugendfreizeiteinrichtung;W‰rme;kWh;39.147;53.197;75.464;48.694;58.016;48.945;0;0;0;0
292;Jugendfreizeiteinrichtung - Finchleystraﬂe;Finchleystraﬂe 11;12305;Jugendfreizeiteinrichtung;Strom;kWh;12.966;11.338;10.240;14.432;14.782;9.530;8.621;13.013;13.554;0
67;Rudolf-Hildebrand-Schule;Friedenstraﬂe 23/25;12107;Mobile Klassen;W‰rme;kWh;39.217;36.391;38.632;39.985;39.869;39.268;43.804;43.638;40.466;44.212
67;Rudolf-Hildebrand-Schule;Friedenstraﬂe 23/25;12107;Mobile Klassen;Strom;kWh;5.008;5.744;4.855;4.576;5.447;5.149;5.065;5.863;5.750;4.828
68;Rudolf-Hildebrand-Schule;Friedenstraﬂe 23/25;12107;Schulgeb‰ude mit Sporthalle;W‰rme;kWh;711.200;659.955;700.587;725.134;723.023;712.117;794.388;791.374;733.847;801.781
68;Rudolf-Hildebrand-Schule;Friedenstraﬂe 23/25;12107;Schulgeb‰ude mit Sporthalle;Strom;kWh;90.813;104.166;88.054;82.985;98.789;93.374;91.849;106.329;104.285;87.556
231;Jugendfreizeitst‰tte - Die Burg;Friedrich-Wilhelm-Platz 11 / Schmargendorfer Straﬂe 18;12161;Jugendfreizeiteinrichtung;W‰rme;kWh;190.768;209.521;201.729;0;0;0;0;0;0;0
231;Jugendfreizeitst‰tte - Die Burg;Friedrich-Wilhelm-Platz 11 / Schmargendorfer Straﬂe 18;12161;Jugendfreizeiteinrichtung;Strom;kWh;21.318;18.569;19.599;17.429;16.066;14.712;14.192;12.224;11.427;11.988
71;Maria-Montessori-Schule;Friedrich-Wilhelm-Straﬂe 72-74;12103;Schulgeb‰ude;W‰rme;kWh;238.544;254.260;260.821;303.262;267.312;274.780;304.465;304.284;305.045;273.989
71;Maria-Montessori-Schule;Friedrich-Wilhelm-Straﬂe 72-74;12103;Schulgeb‰ude;Strom;kWh;58.271;71.358;74.221;69.760;57.838;88.817;68.980;73.032;78.704;79.840
286;Maria-Montessori-Schule;Friedrich-Wilhelm-Straﬂe 72-74;12103;Hortgeb‰ude;W‰rme;kWh;23.438;55.224;64.409;73.885;64.591;61.418;68.480;64.910;83.516;66.594
286;Maria-Montessori-Schule;Friedrich-Wilhelm-Straﬂe 72-74;12103;Hortgeb‰ude;Strom;kWh;0;0;0;0;0;0;0;0;0;0
314;Rudolph-Wilde-Park - Bew‰sserung & Beleuchtung;Fritz-Elsas-Straﬂe 17 / Rudolph-Wilde-Park;10825;Gr¸nfl‰che / Beleuchtung;Strom;kWh;75.395;50.734;54.329;51.615;60.067;49.082;51.888;44.580;44.407;41.330
72;Werkhof / Baumkolonne;Fritz-Werner-Straﬂe 71;12107;Werkhalle / Werkstatt;W‰rme;kWh;401.390;374.087;387.425;392.812;335.935;215.152;447.110;320.994;325.846;362.541
72;Werkhof / Baumkolonne;Fritz-Werner-Straﬂe 71;12107;Werkhalle / Werkstatt;Strom;kWh;49.273;47.844;16.888;0;0;29.497;20.225;29.848;26.448;28.835
73;Werkhof / Baumkolonne;Fritz-Werner-Straﬂe 71;12107;Dienstgeb‰ude;W‰rme;kWh;153.324;142.895;147.989;150.047;128.321;82.184;170.788;122.614;124.467;138.484
73;Werkhof / Baumkolonne;Fritz-Werner-Straﬂe 71;12107;Dienstgeb‰ude;Strom;kWh;18.822;18.275;6.451;0;0;11.268;7.725;11.402;10.102;11.015
291;Jugendfreizeiteinrichtung - Clip;Frobenstraﬂe 27;10783;Jugendfreizeiteinrichtung;W‰rme;kWh;32.044;0;0;0;0;0;0;0;0;0
291;Jugendfreizeiteinrichtung - Clip;Frobenstraﬂe 27;10783;Jugendfreizeiteinrichtung;Strom;kWh;1.844;0;0;0;0;0;0;0;0;0
315;Gr¸nanlage - Bodenbeleuchtung;Fuggerstraﬂe 1;10777;Gr¸nfl‰che / Beleuchtung;Strom;kWh;852;845;4.907;4.246;884;947;1.352;2.037;1.635;2.599
297;Schwerbelastungskˆrper;General-Pape-Straﬂe 100;12101;Museum;Strom;kWh;0;0;809;882;6.344;8.473;2.192;2.188;2.266;1.977
74;Luise-Henriette-Schule;Germaniastraﬂe 4-6;12099;Doppelsporthalle;W‰rme;kWh;23.320;29.337;28.751;27.536;32.173;28.131;25.599;25.765;27.413;359.809
74;Luise-Henriette-Schule;Germaniastraﬂe 4-6;12099;Doppelsporthalle;Strom;kWh;17.713;17.479;17.152;18.307;18.437;17.560;14.521;12.076;5.024;3.703
75;Luise-Henriette-Schule;Germaniastraﬂe 4-6;12099;Pavillon 1;W‰rme;kWh;19.945;22.444;22.031;23.475;22.436;19.822;23.554;23.903;27.040;26.781
75;Luise-Henriette-Schule;Germaniastraﬂe 4-6;12099;Pavillon 1;Strom;kWh;4.004;3.951;3.877;4.138;4.167;3.969;3.282;2.730;1.136;837
76;Luise-Henriette-Schule;Germaniastraﬂe 4-6;12099;Schulgeb‰ude;W‰rme;kWh;941.808;1.016.186;951.679;1.070.412;917.445;929.320;925.021;939.595;436.172;395.500
76;Luise-Henriette-Schule;Germaniastraﬂe 4-6;12099;Schulgeb‰ude;Strom;kWh;92.031;90.813;89.117;95.117;95.791;91.236;75.445;62.741;26.104;19.237
77;Luise-Henriette-Schule;Germaniastraﬂe 4-6;12099;Pavillon 1;W‰rme;kWh;23.063;32.040;31.769;33.661;29.680;26.925;25.324;25.491;30.399;30.333
77;Luise-Henriette-Schule;Germaniastraﬂe 4-6;12099;Pavillon 1;Strom;kWh;3.981;3.928;3.855;4.114;4.143;3.946;3.263;2.714;1.129;832
78;Interkultureles Haus;Geﬂlerstraﬂe 11;10829;Freizeitst‰tte (Allgemein);W‰rme;kWh;187.235;160.537;141.465;162.174;161.022;152.685;164.012;182.830;236.482;182.262
78;Interkultureles Haus;Geﬂlerstraﬂe 11;10829;Freizeitst‰tte (Allgemein);Strom;kWh;24.302;23.210;21.556;21.426;17.765;19.697;20.896;21.085;21.550;21.334
80;Jugendfreizeiteinrichtung - Schreiben Sprechen Spielen;Goltzstraﬂe 40;10781;Jugendfreizeiteinrichtung;W‰rme;kWh;48.604;43.455;40.812;28.356;0;0;0;0;0;0
80;Jugendfreizeiteinrichtung - Schreiben Sprechen Spielen;Goltzstraﬂe 40;10781;Jugendfreizeiteinrichtung;Strom;kWh;2.020;2.057;2.073;1.022;0;0;0;0;0;0
81;Paul-Natorp-Schule;Goﬂlerstraﬂe 13-15;12161;Sporthalle (Anbau);W‰rme;kWh;36.407;32.050;35.142;37.254;36.534;30.439;31.541;31.526;29.969;23.722
81;Paul-Natorp-Schule;Goﬂlerstraﬂe 13-15;12161;Sporthalle (Anbau);Strom;kWh;3.737;3.797;4.203;4.226;4.671;4.692;4.513;4.442;4.501;5.094
82;Paul-Natorp-Schule;Goﬂlerstraﬂe 13-15;12161;Schulgeb‰ude;W‰rme;kWh;765.572;674.060;738.944;783.459;768.305;640.238;663.332;662.957;630.262;498.927
82;Paul-Natorp-Schule;Goﬂlerstraﬂe 13-15;12161;Schulgeb‰ude;Strom;kWh;77.366;78.587;87.006;87.471;96.687;97.122;93.412;91.953;93.179;105.456
236;Paul-Natorp-Schule;Goﬂlerstraﬂe 13-15;12161;Doppelsporthalle;W‰rme;kWh;128.811;113.397;124.336;131.809;129.261;107.697;111.597;111.543;106.035;83.931
236;Paul-Natorp-Schule;Goﬂlerstraﬂe 13-15;12161;Doppelsporthalle;Strom;kWh;23.099;15.250;1.093;14.300;11.826;8.426;7.000;5.205;5.845;45.350
316;Wartburgplatz - Straﬂen- und Wegebeleuchtung;Gothaer Straﬂe 3;10823;Gr¸nfl‰che / Beleuchtung;Strom;kWh;681;681;681;681;681;681;681;681;681;681
83;Tempelhofer Parkfriedhof;Gottlieb-Dunkel Straﬂe 26;12099;Betreuungsst‰tte;W‰rme;kWh;93.167;107.434;105.606;72.718;25.867;2.005;1.846;1.856;1.978;2.038
83;Tempelhofer Parkfriedhof;Gottlieb-Dunkel Straﬂe 26;12099;Betreuungsst‰tte;Strom;kWh;8.384;7.736;7.046;8.265;7.814;7.795;2.609;4.217;4.196;4.020
84;Tempelhofer Parkfriedhof;Gottlieb-Dunkel Straﬂe 26;12099;Trauerhalle;W‰rme;kWh;53.445;64.600;64.082;63.497;68.158;193.757;107.930;84.466;83.906;87.078
84;Tempelhofer Parkfriedhof;Gottlieb-Dunkel Straﬂe 26;12099;Trauerhalle;Strom;kWh;9.176;8.466;7.711;9.046;8.552;8.531;2.856;4.615;4.592;4.400
85;Tempelhofer Parkfriedhof;Gottlieb-Dunkel Straﬂe 26;12099;Blumenladen;W‰rme;kWh;7.827;9.026;8.872;6.109;2.173;168;155;156;166;171
85;Tempelhofer Parkfriedhof;Gottlieb-Dunkel Straﬂe 26;12099;Blumenladen;Strom;kWh;704;650;592;694;656;655;219;354;353;338
88;Eva-Maria-Buch-Hauptbibliothek;Gˆtzstraﬂe 10-12;12099;Bibliothek;Strom;kWh;0;0;0;0;0;92.513;207.829;191.338;202.618;194.498
317;Templerzeile - Wegebeleuchtung;Gˆtzstraﬂe 27;12099;Gr¸nfl‰che / Beleuchtung;Strom;kWh;146;146;151;15.003;3.362;3.251;2.909;2.488;1.142;1.137
86;Sportanlage - Gˆtzstraﬂe;Gˆtzstraﬂe 34;12099;Sporthalle;W‰rme;kWh;185.841;195.167;191.612;143.043;174.896;193.411;194.529;207.596;205.848;227.649
86;Sportanlage - Gˆtzstraﬂe;Gˆtzstraﬂe 34;12099;Sporthalle;Strom;kWh;49.701;52.035;46.855;47.540;44.543;43.514;47.044;42.554;37.430;36.893
87;Sportanlage - Gˆtzstraﬂe;Gˆtzstraﬂe 34;12099;Umkleidegeb‰ude;W‰rme;kWh;4.567;4.797;4.709;3.516;4.298;4.754;4.781;5.102;5.059;5.595
87;Sportanlage - Gˆtzstraﬂe;Gˆtzstraﬂe 34;12099;Umkleidegeb‰ude;Strom;kWh;1.222;1.279;1.152;1.168;1.095;1.069;1.156;1.046;920;907
89;Friedenauer Gemeinschaftsschule;Grazer Platz 1-3;12157;Mobile Klassen;W‰rme;kWh;27.292;26.227;28.772;30.286;31.700;25.603;28.000;29.232;29.608;28.671
89;Friedenauer Gemeinschaftsschule;Grazer Platz 1-3;12157;Mobile Klassen;Strom;kWh;3.903;3.768;3.956;4.293;4.461;4.208;4.276;4.182;4.114;4.218
90;Friedenauer Gemeinschaftsschule;Grazer Platz 1-3;12157;Schulgeb‰ude;W‰rme;kWh;493.113;473.862;519.843;547.198;572.747;462.584;505.904;528.158;534.956;518.024
90;Friedenauer Gemeinschaftsschule;Grazer Platz 1-3;12157;Schulgeb‰ude;Strom;kWh;61.479;59.357;62.325;67.632;70.277;66.286;67.362;65.884;64.805;66.453
91;Friedenauer Gemeinschaftsschule;Grazer Platz 1-3;12157;Sporthalle;W‰rme;kWh;182.894;175.754;192.808;202.954;212.430;171.571;187.638;195.892;198.414;192.133
91;Friedenauer Gemeinschaftsschule;Grazer Platz 1-3;12157;Sporthalle;Strom;kWh;24.172;23.338;24.505;26.592;27.632;26.063;26.486;25.904;25.480;26.128
92;Theodor-Haubach-Schule;Grimmstraﬂe 9/11;12305;Schulgeb‰ude;W‰rme;kWh;386.262;343.606;330.086;382.624;371.485;322.513;331.392;382.290;346.510;324.197
92;Theodor-Haubach-Schule;Grimmstraﬂe 9/11;12305;Schulgeb‰ude;Strom;kWh;45.111;49.706;47.812;52.266;71.976;83.022;84.835;74.624;50.700;47.061
93;Theodor-Haubach-Schule;Grimmstraﬂe 9/11;12305;Sporthalle;W‰rme;kWh;88.150;81.397;77.632;87.570;86.696;75.895;77.806;88.594;80.630;76.396
93;Theodor-Haubach-Schule;Grimmstraﬂe 9/11;12305;Sporthalle;Strom;kWh;9.548;10.520;10.119;11.062;15.234;17.572;17.956;15.794;10.731;9.961
94;Theodor-Haubach-Schule;Grimmstraﬂe 9/11;12305;Schulgeb‰ude (Klassentrakt 1);W‰rme;kWh;65.249;58.044;55.760;64.635;62.753;54.480;55.980;64.578;58.534;54.765
94;Theodor-Haubach-Schule;Grimmstraﬂe 9/11;12305;Schulgeb‰ude (Klassentrakt 1);Strom;kWh;7.620;8.397;8.077;8.829;12.158;14.024;14.331;12.606;8.565;7.950
95;Theodor-Haubach-Schule;Grimmstraﬂe 9/11;12305;Schulgeb‰ude (Klassentrakt 2);W‰rme;kWh;71.228;63.362;60.869;70.557;68.503;59.473;61.110;70.496;63.898;59.783
95;Theodor-Haubach-Schule;Grimmstraﬂe 9/11;12305;Schulgeb‰ude (Klassentrakt 2);Strom;kWh;8.319;9.166;8.817;9.638;13.273;15.310;15.644;13.761;9.349;8.678
96;Theodor-Haubach-Schule;Grimmstraﬂe 9/11;12305;Mobile Klassen;W‰rme;kWh;35.751;31.803;30.552;35.415;34.384;29.851;30.673;35.384;32.072;30.007
96;Theodor-Haubach-Schule;Grimmstraﬂe 9/11;12305;Mobile Klassen;Strom;kWh;4.175;4.601;4.425;4.838;6.662;7.684;7.852;6.907;4.693;4.356
97;Theodor-Haubach-Schule;Grimmstraﬂe 9/11;12305;Schulgeb‰ude (Klassentrakt 3);W‰rme;kWh;70.949;63.114;60.631;70.281;68.235;59.240;60.870;70.220;63.647;59.549
97;Theodor-Haubach-Schule;Grimmstraﬂe 9/11;12305;Schulgeb‰ude (Klassentrakt 3);Strom;kWh;8.286;9.130;8.782;9.600;13.221;15.250;15.583;13.707;9.313;8.644
298;Jugendfreizeiteinrichtung - Groﬂgˆrschenstraﬂe;Groﬂgˆrschenstraﬂe 4;10827;Jugendfreizeiteinrichtung;Strom;kWh;4.423;4.438;325;642;4.324;0;0;0;0;0
98;"Musikschule / VHS-Kunst ""Kunst am Kleistpark""";Grunewaldstraﬂe 6-7;10823;Schulgeb‰ude;W‰rme;kWh;435.586;440.034;414.156;419.247;407.188;372.671;423.853;435.695;480.224;399.080
98;"Musikschule / VHS-Kunst ""Kunst am Kleistpark""";Grunewaldstraﬂe 6-7;10823;Schulgeb‰ude;Strom;kWh;55.911;55.947;51.095;7.587;47.035;43.189;46.313;43.920;40.716;40.678
99;Annedore-Leber-Schule;Halker Zeile 137-149;12305;Sporthalle;W‰rme;kWh;79.204;70.457;67.685;78.458;76.174;66.132;67.953;78.389;71.053;66.477
99;Annedore-Leber-Schule;Halker Zeile 137-149;12305;Sporthalle;Strom;kWh;8.285;4.711;8.153;8.059;8.583;8.831;9.134;9.494;9.006;9.037
100;Annedore-Leber-Schule;Halker Zeile 137-149;12305;Mensa;W‰rme;kWh;40.323;35.870;34.458;39.943;38.780;33.668;34.595;39.908;36.173;33.844
100;Annedore-Leber-Schule;Halker Zeile 137-149;12305;Mensa;Strom;kWh;4.218;2.398;4.151;4.103;4.370;4.496;4.650;4.833;4.585;4.601
101;Annedore-Leber-Schule;Halker Zeile 137-149;12305;Mobile Klassen;W‰rme;kWh;35.743;31.795;30.544;35.406;34.375;29.844;30.665;35.375;32.064;29.999
101;Annedore-Leber-Schule;Halker Zeile 137-149;12305;Mobile Klassen;Strom;kWh;3.739;2.126;3.679;3.637;3.873;3.985;4.122;4.284;4.064;4.078
102;Annedore-Leber-Schule;Halker Zeile 137-149;12305;Turm;W‰rme;kWh;142.802;127.032;122.033;141.457;137.339;119.234;122.516;141.333;128.105;119.856
102;Annedore-Leber-Schule;Halker Zeile 137-149;12305;Turm;Strom;kWh;14.938;8.494;14.700;14.531;15.474;15.922;16.468;17.117;16.237;16.294
103;Annedore-Leber-Schule;Halker Zeile 137-149;12305;Mehrzweckgeb‰ude;W‰rme;kWh;46.666;41.512;39.879;46.226;44.881;38.964;40.037;46.186;41.863;39.168
103;Annedore-Leber-Schule;Halker Zeile 137-149;12305;Mehrzweckgeb‰ude;Strom;kWh;4.882;2.776;4.804;4.749;5.057;5.203;5.381;5.594;5.306;5.325
104;Annedore-Leber-Schule;Halker Zeile 137-149;12305;Neubau;W‰rme;kWh;87.155;77.530;74.480;86.334;83.821;72.771;74.774;86.259;78.186;73.151
104;Annedore-Leber-Schule;Halker Zeile 137-149;12305;Neubau;Strom;kWh;9.117;5.184;8.972;8.869;9.444;9.717;10.051;10.447;9.910;9.945
105;Annedore-Leber-Schule;Halker Zeile 137-149;12305;Schulgeb‰ude;W‰rme;kWh;570.272;507.296;487.334;564.901;548.456;476.154;489.262;564.408;511.583;478.641
105;Annedore-Leber-Schule;Halker Zeile 137-149;12305;Schulgeb‰ude;Strom;kWh;59.654;33.919;58.704;58.028;61.797;63.582;65.763;68.355;64.841;65.069
107;Sportplatz - Halker Zeile;Halker Zeile 151;12305;Umkleidegeb‰ude;W‰rme;kWh;96.925;105.165;93.658;99.179;99.821;89.496;101.195;95.522;112.570;94.561
107;Sportplatz - Halker Zeile;Halker Zeile 151;12305;Umkleidegeb‰ude;Strom;kWh;105.280;87.365;79.776;82.725;77.505;76.395;63.300;56.700;51.300;46.000
287;Steinwald-Schule;Hanielweg 7/9;12277;Schulgeb‰ude;W‰rme;kWh;372.176;425.803;589.770;660.831;740.298;677.104;664.880;612.451;774.686;728.863
287;Steinwald-Schule;Hanielweg 7/9;12277;Schulgeb‰ude;Strom;kWh;39.567;127.488;118.441;165.276;89.181;159.703;181.191;139.802;120.363;204.749
288;Steinwald-Schule;Hanielweg 7/9;12277;Sporthalle;W‰rme;kWh;101.605;116.246;161.009;180.409;202.104;184.852;181.514;167.201;211.492;198.982
288;Steinwald-Schule;Hanielweg 7/9;12277;Sporthalle;Strom;kWh;10.802;34.805;32.335;45.121;24.347;43.600;49.466;38.167;32.859;55.897
318;Hanowsteig - Wegebeleuchtung;Hanowsteig 1;12309;Gr¸nfl‰che / Beleuchtung;Strom;kWh;0;0;0;0;0;0;154;220;101;0
108;Theodor-Heuﬂ-Bibliothek;Hauptstraﬂe 40;10827;Bibliothek;W‰rme;kWh;228.264;203.051;205.442;206.711;211.595;223.996;229.432;236.926;251.604;228.766
108;Theodor-Heuﬂ-Bibliothek;Hauptstraﬂe 40;10827;Bibliothek;Strom;kWh;47.973;45.319;45.466;44.915;45.155;42.046;41.418;41.630;40.101;35.581
109;Theodor-Heuﬂ-Bibliothek;Hauptstraﬂe 40;10827;Bibliothek;W‰rme;kWh;18.432;16.396;16.589;16.691;17.086;18.087;18.526;19.131;20.316;18.472
109;Theodor-Heuﬂ-Bibliothek;Hauptstraﬂe 40;10827;Bibliothek;Strom;kWh;3.076;2.905;2.915;2.880;2.895;2.696;2.655;2.669;2.571;2.281
110;Museen Tempelhof-Schˆneberg;Hauptstraﬂe 41-42;10827;Museum;W‰rme;kWh;211.930;188.521;190.741;191.919;196.453;207.967;213.014;219.972;233.600;212.396
110;Museen Tempelhof-Schˆneberg;Hauptstraﬂe 41-42;10827;Museum;Strom;kWh;39.927;37.719;37.841;37.383;37.582;34.995;34.472;34.648;33.376;29.614
111;Jugendfreizeiteinrichtung - Kita am Lassenpark;Hauptstraﬂe 43;10827;Jugendfreizeiteinrichtung;W‰rme;kWh;23.912;21.271;21.522;21.655;22.166;23.465;24.035;24.820;26.357;23.965
111;Jugendfreizeiteinrichtung - Kita am Lassenpark;Hauptstraﬂe 43;10827;Jugendfreizeiteinrichtung;Strom;kWh;4.482;4.234;4.248;4.196;4.218;3.928;3.869;3.889;3.746;3.324
112;Jugendfreizeiteinrichtung - Jugi-hessenring;Hessenring 47;12101;Jugendfreizeiteinrichtung;W‰rme;kWh;2.582;3.453;3.136;3.060;279;108.399;1.194;215.463;229.299;74.706
112;Jugendfreizeiteinrichtung - Jugi-hessenring;Hessenring 47;12101;Jugendfreizeiteinrichtung;Strom;kWh;21.833;20.004;19.911;16.972;15.550;12.034;7.449;11.246;18.006;0
113;Georg-von-Giesche-Schule / VHS;Hohenstaufenstraﬂe 47-48;10779;Schulgeb‰ude;W‰rme;kWh;970.652;944.627;954.335;1.066.844;1.031.264;1.389.843;1.342.411;1.313.908;1.341.076;1.412.239
113;Georg-von-Giesche-Schule / VHS;Hohenstaufenstraﬂe 47-48;10779;Schulgeb‰ude;Strom;kWh;170.179;159.682;170.865;168.349;139.493;55.553;71.287;69.249;68.165;70.601
114;Georg-von-Giesche-Schule / VHS;Hohenstaufenstraﬂe 47-48;10779;Doppelsporthalle;W‰rme;kWh;439.305;427.526;431.920;482.840;466.737;629.025;607.559;594.659;606.954;639.162
114;Georg-von-Giesche-Schule / VHS;Hohenstaufenstraﬂe 47-48;10779;Doppelsporthalle;Strom;kWh;77.021;72.270;77.332;76.193;63.133;25.143;32.264;31.341;30.851;31.953
115;Scharm¸tzelsee-Schule;Hohenstaufenstraﬂe 49;10779;Schulgeb‰ude;W‰rme;kWh;535.735;521.371;526.729;588.826;569.189;767.100;740.921;725.189;740.184;779.461
115;Scharm¸tzelsee-Schule;Hohenstaufenstraﬂe 49;10779;Schulgeb‰ude;Strom;kWh;93.928;88.134;94.306;92.918;76.991;30.661;39.346;38.221;37.622;38.967
117;Seniorenfreizeitst‰tte - Berliner B‰r;Holzmannstraﬂe 18;12099;Seniorenfreizeiteinrichtung;W‰rme;kWh;72.193;69.827;65.487;69.486;72.723;65.366;51.253;76.215;75.687;51.147
117;Seniorenfreizeitst‰tte - Berliner B‰r;Holzmannstraﬂe 18;12099;Seniorenfreizeiteinrichtung;Strom;kWh;4.904;4.013;3.877;4.992;4.128;1.876;10.993;12.917;10.889;12.349
118;Jugendfreizeiteinrichtung - Holzmannstraﬂe;Holzmannstraﬂe 22;12099;Jugendfreizeiteinrichtung;W‰rme;kWh;47.064;26.413;0;0;0;0;0;0;0;0
118;Jugendfreizeiteinrichtung - Holzmannstraﬂe;Holzmannstraﬂe 22;12099;Jugendfreizeiteinrichtung;Strom;kWh;4.690;82;0;0;0;0;0;0;0;0
120;Marianne-Cohn-Schule;Holzmannstraﬂe 7;12099;Schulgeb‰ude;W‰rme;kWh;937.842;810.309;788.337;798.579;996.653;1.018.342;1.005.113;1.111.140;942.279;1.376.165
120;Marianne-Cohn-Schule;Holzmannstraﬂe 7;12099;Schulgeb‰ude;Strom;kWh;506.010;448.237;397.940;453.026;440.315;387.841;374.027;347.248;383.197;348.924
121;Fl‰ming-Schule;Illstraﬂe 4-6;12161;Schulgeb‰ude;W‰rme;kWh;424.350;489.413;446.767;522.162;547.630;520.962;480.936;521.751;521.932;432.265
121;Fl‰ming-Schule;Illstraﬂe 4-6;12161;Schulgeb‰ude;Strom;kWh;56.594;71.235;89.882;87.271;85.523;84.090;78.320;73.932;78.328;79.246
122;Fl‰ming-Schule;Illstraﬂe 4-6;12161;Sporthalle;W‰rme;kWh;79.541;91.736;83.742;97.874;102.648;97.650;90.147;97.797;97.831;81.024
122;Fl‰ming-Schule;Illstraﬂe 4-6;12161;Sporthalle;Strom;kWh;10.608;13.352;16.847;16.358;16.031;15.762;14.680;13.858;14.682;14.854
319;Dorfteich - Tiefbrunnen;Im Domstift 38;12309;Brunnen;Strom;kWh;835;276;312;880;632;871;1.132;646;872;1.023
123;Rathaus Schˆneberg;John-F.-Kennedy-Platz 1;10825;Dienstgeb‰ude;W‰rme;kWh;4.487.778;4.343.223;4.312.917;4.291.538;4.387.459;4.124.478;4.332.455;4.458.527;4.427.725;4.178.313
123;Rathaus Schˆneberg;John-F.-Kennedy-Platz 1;10825;Dienstgeb‰ude;Strom;kWh;1.764.903;1.649.991;1.659.516;1.637.214;1.493.062;1.549.742;1.588.461;1.393.460;1.625.854;1.486.289
301;Markt - John-F.-Kennedy-Platz;John-F.-Kennedy-Platz 1;10825;Markt;Strom;kWh;6.402;5.742;5.429;3.220;2.849;2.863;6.388;4.771;3.794;3.389
320;Lichtenrader Graben - Wegebeleuchtung;John-Locke-Straﬂe 19;12305;Gr¸nfl‰che / Beleuchtung;Strom;kWh;7.291;7.074;8.780;7.987;8.831;8.268;7.748;5.107;4.652;4.400
124;Askanische Schule;Kaiserin-Augusta-Straﬂe 19-20;12103;Mobile Klassen;W‰rme;kWh;35.395;29.201;34.143;31.764;29.437;30.930;38.045;33.989;33.670;29.776
124;Askanische Schule;Kaiserin-Augusta-Straﬂe 19-20;12103;Mobile Klassen;Strom;kWh;3.849;3.565;3.600;4.086;4.218;4.070;3.910;4.003;3.951;3.761
125;Askanische Schule;Kaiserin-Augusta-Straﬂe 19-20;12103;Schulgeb‰ude;W‰rme;kWh;902.652;744.676;870.709;810.051;750.693;788.786;970.224;866.798;858.663;759.354
125;Askanische Schule;Kaiserin-Augusta-Straﬂe 19-20;12103;Schulgeb‰ude;Strom;kWh;98.165;90.916;91.813;104.206;107.559;103.800;99.709;102.086;100.758;95.900
126;Gesundheitsamt 3;Kaiserstraﬂe 126;12105;Dienstgeb‰ude;W‰rme;kWh;61.787;66.363;63.576;62.972;46.996;62.743;60.735;56.265;53.815;58.618
126;Gesundheitsamt 3;Kaiserstraﬂe 126;12105;Dienstgeb‰ude;Strom;kWh;7.459;7.360;7.144;6.776;5.014;10.398;10.554;9.940;10.213;10.666
129;Eckener-Schule;Kaiserstraﬂe 17-21;12105;Schulgeb‰ude;W‰rme;kWh;673.991;668.395;728.495;709.661;638.216;613.379;669.689;701.120;692.509;521.200
129;Eckener-Schule;Kaiserstraﬂe 17-21;12105;Schulgeb‰ude;Strom;kWh;107.366;118.627;109.175;113.860;117.565;83.532;138.077;138.770;132.974;139.289
130;Eckener-Schule;Kaiserstraﬂe 17-21;12105;Sporthalle;W‰rme;kWh;81.233;80.558;87.801;85.532;76.921;73.927;80.714;84.502;83.464;62.817
130;Eckener-Schule;Kaiserstraﬂe 17-21;12105;Sporthalle;Strom;kWh;12.940;14.298;13.158;13.723;14.169;10.068;16.642;16.725;16.027;16.788
313;Kˆnigskollonaden;Kleist-Park;10781;Gr¸nfl‰che / Beleuchtung;Strom;kWh;12.209;3.772;3.782;7.505;4.908;6.733;1.294;1.294;3.142;3.733
132;Robert-Blum-Schule;Kolonnenstraﬂe 21;10829;Schulgeb‰ude mit Sporthalle;W‰rme;kWh;956.848;924.384;860.129;953.998;899.111;904.218;895.011;998.913;1.038.048;988.700
132;Robert-Blum-Schule;Kolonnenstraﬂe 21;10829;Schulgeb‰ude mit Sporthalle;Strom;kWh;100.541;54.124;99.777;99.967;104.068;104.937;107.139;107.567;106.382;108.173
321;Privatstraﬂe - Beleuchtung;Kolonnenstraﬂe 29a;10829;Gr¸nfl‰che / Beleuchtung;Strom;kWh;856;859;570;0;0;0;0;0;0;0
134;Havelland-Schule;Kolonnenstraﬂe 30-30a;10829;Mensa;W‰rme;kWh;123.616;123.589;120.366;139.866;114.985;114.283;120.890;119.152;123.767;111.864
134;Havelland-Schule;Kolonnenstraﬂe 30-30a;10829;Mensa;Strom;kWh;25.335;26.128;24.554;23.130;23.564;24.243;24.351;24.054;25.417;26.236
135;Havelland-Schule;Kolonnenstraﬂe 30-30a;10829;Schulgeb‰ude;W‰rme;kWh;367.753;397.201;369.089;393.953;399.885;368.726;373.948;381.798;425.623;377.088
135;Havelland-Schule;Kolonnenstraﬂe 30-30a;10829;Schulgeb‰ude;Strom;kWh;80.446;82.966;77.966;73.445;74.824;76.978;77.322;76.379;80.707;83.308
136;Havelland-Schule;Kolonnenstraﬂe 30-30a;10829;Sporthalle;W‰rme;kWh;170.828;184.508;171.449;182.999;185.754;171.281;173.706;177.353;197.711;175.165
136;Havelland-Schule;Kolonnenstraﬂe 30-30a;10829;Sporthalle;Strom;kWh;37.369;38.539;36.217;34.117;34.757;35.758;35.918;35.480;37.490;38.698
137;Gesundheitsamt 2;Kˆnigstraﬂe 15;12105;Dienstgeb‰ude;W‰rme;kWh;200.067;214.885;205.862;203.904;152.174;203.164;196.660;182.189;174.254;189.806
137;Gesundheitsamt 2;Kˆnigstraﬂe 15;12105;Dienstgeb‰ude;Strom;kWh;24.152;23.831;23.133;21.941;16.236;33.668;34.175;32.186;33.071;34.538
138;Mascha-Kaleko-Schule;Kˆnigstraﬂe 32;12105;Mobile Klassen;W‰rme;kWh;189.740;203.511;206.166;200.659;219.230;207.090;214.621;221.489;226.618;0
138;Mascha-Kaleko-Schule;Kˆnigstraﬂe 32;12105;Mobile Klassen;Strom;kWh;18.338;22.613;19.007;22.614;22.653;21.126;21.814;22.506;22.151;23.502
139;Mascha-Kaleko-Schule;Kˆnigstraﬂe 32;12105;Doppelsporthalle;W‰rme;kWh;248.868;325.808;250.024;216.138;279.875;288.842;319.335;304.679;328.415;327.840
139;Mascha-Kaleko-Schule;Kˆnigstraﬂe 32;12105;Doppelsporthalle;Strom;kWh;17.991;22.185;18.647;22.186;22.224;20.726;21.401;22.080;21.732;23.057
140;Mascha-Kaleko-Schule;Kˆnigstraﬂe 32;12105;Schulgeb‰ude;W‰rme;kWh;299.730;268.643;263.095;333.082;319.873;265.512;286.378;299.514;347.048;337.519
140;Mascha-Kaleko-Schule;Kˆnigstraﬂe 32;12105;Schulgeb‰ude;Strom;kWh;38.143;47.036;39.536;47.038;47.120;43.943;45.374;46.813;46.076;48.886
141;Paul-Klee-Schule;Konradinstraﬂe 15-17;12105;Sporthalle;W‰rme;kWh;20.296;21.617;18.769;21.050;24.700;23.853;22.136;22.282;26.532;22.138
141;Paul-Klee-Schule;Konradinstraﬂe 15-17;12105;Sporthalle;Strom;kWh;16.977;9.399;15.231;15.545;15.610;15.244;17.044;19.375;19.176;22.178
142;Paul-Klee-Schule;Konradinstraﬂe 15-17;12105;Schulgeb‰ude;W‰rme;kWh;1.031.111;1.018.794;889.410;1.127.597;1.018.591;774.849;827.257;377.061;739.856;1.051.186
142;Paul-Klee-Schule;Konradinstraﬂe 15-17;12105;Schulgeb‰ude;Strom;kWh;116.233;64.355;104.282;106.429;106.876;104.369;116.698;132.657;131.290;151.843
143;Sportplatz - Kˆrtingstraﬂe;Kˆrtingstraﬂe 41;12107;Sportplatz / Sportbetriebsgeb‰ude;W‰rme;kWh;84.573;87.477;81.079;79.350;78.663;77.129;89.614;92.788;87.065;76.925
143;Sportplatz - Kˆrtingstraﬂe;Kˆrtingstraﬂe 41;12107;Sportplatz / Sportbetriebsgeb‰ude;Strom;kWh;40.759;27.974;25.255;42.181;24.527;22.080;26.980;35.960;42.060;33.360
144;Ikarus-Schule;Kˆrtingstraﬂe 45;12107;Schulgeb‰ude;W‰rme;kWh;862.876;892.499;827.227;809.579;802.575;786.923;914.300;946.685;888.302;784.844
144;Ikarus-Schule;Kˆrtingstraﬂe 45;12107;Schulgeb‰ude;Strom;kWh;150.294;151.085;137.446;147.889;126.352;92.782;92.002;90.675;83.178;170.512
145;Ikarus-Schule;Kˆrtingstraﬂe 45;12107;Sporthalle;W‰rme;kWh;170.816;176.680;163.759;160.265;158.879;155.780;180.996;187.407;175.849;155.369
145;Ikarus-Schule;Kˆrtingstraﬂe 45;12107;Sporthalle;Strom;kWh;29.752;29.909;27.209;29.276;25.013;18.367;18.213;17.950;16.466;33.755
146;Ikarus-Schule;Kˆrtingstraﬂe 45;12107;Mobile Klassen;W‰rme;kWh;0;0;0;0;26.904;72.334;79.369;81.256;82.384;73.352
146;Ikarus-Schule;Kˆrtingstraﬂe 45;12107;Mobile Klassen;Strom;kWh;19.525;19.627;17.855;19.212;16.414;12.053;11.952;11.780;10.806;22.151
148;Jugendfreizeiteinrichtung - Kurf¸rstenstraﬂe;Kurf¸rstenstraﬂe 40;12105;Jugendfreizeiteinrichtung;W‰rme;kWh;76.351;148.150;148.116;102.257;60.274;60.694;66.007;65.081;23.728;1.819
148;Jugendfreizeiteinrichtung - Kurf¸rstenstraﬂe;Kurf¸rstenstraﬂe 40;12105;Jugendfreizeiteinrichtung;Strom;kWh;15.045;15.139;14.809;10.547;8.538;7.628;6.902;6.132;2.993;22.983
149;Luise-Henriette-Schule (‹bergangsschule);Kurf¸rstenstraﬂe 53/54;12105;Schulgeb‰ude;W‰rme;kWh;624.640;558.252;549.416;696.836;668.702;556.947;597.801;613.438;680.908;658.483
149;Luise-Henriette-Schule (‹bergangsschule);Kurf¸rstenstraﬂe 53/54;12105;Schulgeb‰ude;Strom;kWh;37.917;12.304;7.737;91.309;67.055;59.958;61.023;47.644;80.860;59.183
150;Familienf¸rsorge;Kurm‰rkische Straﬂe 1-3;10783;Betreuungsst‰tte;W‰rme;kWh;172.377;172.226;160.432;160.223;135.880;122.255;120.704;124.339;130.329;122.950
150;Familienf¸rsorge;Kurm‰rkische Straﬂe 1-3;10783;Betreuungsst‰tte;Strom;kWh;14.497;15.779;15.831;14.275;14.387;15.068;14.479;14.949;13.342;12.178
151;Sportplatz - Laubacher Straﬂe;Laubacher Straﬂe 23-27;14197;Sportplatz / Sportbetriebsgeb‰ude;W‰rme;kWh;24.187;22.168;20.143;22.630;19.000;20.897;22.647;23.972;24.837;24.360
151;Sportplatz - Laubacher Straﬂe;Laubacher Straﬂe 23-27;14197;Sportplatz / Sportbetriebsgeb‰ude;Strom;kWh;13.251;13.300;19.343;15.915;15.391;16.230;15.947;19.584;16.063;16.861
322;Kinderspielplatz - Leberstraﬂe;Leberstraﬂe 12 / Gotenstraﬂe 83;10829;Gr¸nfl‰che / Beleuchtung;Strom;kWh;1.656;1.212;1.246;561;562;604;588;586;99;218
26;Gemeinschaftshaus Lichtenrade;Lichtenrader Damm 198-212;12305;Seniorenfreizeiteinrichtung;W‰rme;kWh;589.513;658.716;496.708;565.250;559.490;307.121;0;565.397;563.432;596.505
26;Gemeinschaftshaus Lichtenrade;Lichtenrader Damm 198-212;12305;Seniorenfreizeiteinrichtung;Strom;kWh;176.468;163.436;188.848;175.402;179.965;174.916;124.814;123.639;139.467;159.786
153;Georg-B¸chner-Schule;Lichtenrader Damm 224-230;12305;Schulgeb‰ude mit Sporthalle;W‰rme;kWh;1.199.730;1.181.776;1.101.353;1.194.176;1.184.890;1.202.221;1.408.639;1.306.388;1.256.825;1.420.678
153;Georg-B¸chner-Schule;Lichtenrader Damm 224-230;12305;Schulgeb‰ude mit Sporthalle;Strom;kWh;140.796;144.408;146.127;125.940;121.271;116.678;148.002;150.472;128.023;144.095
323;K¸nastteich - Tiefbrunnen;Loewenhardtdamm 46;12101;Brunnen;Strom;kWh;456;121;75;1.033;495;500;2.716;1.845;1.909;2.156
154;Jugendfreizeiteinrichtung - LortzingClub;Lortzingstraﬂe 16-18;12307;Jugendfreizeiteinrichtung;W‰rme;kWh;86.747;67.783;96.177;66.224;107.394;92.669;97.905;104.753;97.812;94.773
154;Jugendfreizeiteinrichtung - LortzingClub;Lortzingstraﬂe 16-18;12307;Jugendfreizeiteinrichtung;Strom;kWh;16.798;14.652;9.390;8.509;8.613;13.621;8.604;8.789;7.353;7.780
155;Werbellinsee-Schule;Luitpoldstraﬂe 38;10781;Schulgeb‰ude;W‰rme;kWh;453.196;458.792;472.686;550.770;542.845;513.065;577.878;648.924;536.715;550.245
155;Werbellinsee-Schule;Luitpoldstraﬂe 38;10781;Schulgeb‰ude;Strom;kWh;284.242;265.456;255.693;257.161;255.522;249.797;262.112;248.337;241.372;229.327
156;Schulpraktisches Seminar;Lutherstraﬂe 18;12305;Seminargeb‰ude;W‰rme;kWh;105.888;112.420;103.149;113.243;109.327;93.510;120.980;118.173;112.071;117.428
156;Schulpraktisches Seminar;Lutherstraﬂe 18;12305;Seminargeb‰ude;Strom;kWh;10.106;3.854;4.897;5.464;5.593;5.419;5.007;5.377;4.811;4.830
157;Schulpraktisches Seminar;Lutherstraﬂe 18;12305;Seminargeb‰ude;W‰rme;kWh;103.665;88.638;80.145;75.550;71.314;75.505;77.478;76.829;72.891;75.632
157;Schulpraktisches Seminar;Lutherstraﬂe 18;12305;Seminargeb‰ude;Strom;kWh;9.399;3.585;4.554;5.082;5.202;5.039;4.656;5.000;4.474;4.492
128;Elisabeth-Rotten-Schule;Machonstraﬂe 52;12105;Schulgeb‰ude;W‰rme;kWh;394.424;438.713;251.086;0;0;0;0;0;0;0
128;Elisabeth-Rotten-Schule;Machonstraﬂe 52;12105;Schulgeb‰ude;Strom;kWh;60.039;45.048;30.416;0;0;0;0;0;0;0
131;Eckener-Schule;Machonstraﬂe 52;12105;Sporthalle;W‰rme;kWh;17.801;22.125;67.998;77.153;76.030;92.691;91.571;87.428;119.485;122.020
131;Eckener-Schule;Machonstraﬂe 52;12105;Sporthalle;Strom;kWh;0;0;8.455;15.030;1.643;8.666;9.813;9.679;8.263;8.899
158;Gr¸nfl‰chenamt;Manteuffelstraﬂe 63;12103;Garage / Wagenhalle;W‰rme;kWh;53.397;55.097;37.112;48.483;45.356;43.611;61.041;60.386;58.548;53.335
158;Gr¸nfl‰chenamt;Manteuffelstraﬂe 63;12103;Garage / Wagenhalle;Strom;kWh;7.796;8.250;8.029;2.147;1.747;11.511;5.504;4.877;4.742;5.808
159;Gr¸nfl‰chenamt;Manteuffelstraﬂe 63;12103;Dienstgeb‰ude;W‰rme;kWh;122.029;125.916;84.814;110.799;103.653;99.666;139.500;138.001;133.802;121.889
159;Gr¸nfl‰chenamt;Manteuffelstraﬂe 63;12103;Dienstgeb‰ude;Strom;kWh;17.815;18.854;18.350;4.907;3.992;26.306;12.577;11.144;10.838;13.274
69;Rudolf-Hildebrand-Schule;Marconistraﬂe 4;12107;Hortgeb‰ude;W‰rme;kWh;115.856;115.864;105.652;97.388;109.729;91.364;102.070;122.331;121.662;109.542
69;Rudolf-Hildebrand-Schule;Marconistraﬂe 4;12107;Hortgeb‰ude;Strom;kWh;20.005;20.151;20.785;20.508;29.699;31.051;30.200;28.300;17.500;29.700
160;Jugendfreizeitst‰tte - Bungalow;Mariendorfer Damm 117/121;12109;Jugendfreizeiteinrichtung;W‰rme;kWh;124.333;136.925;98.648;114.900;112.756;107.570;117.325;116.138;115.233;106.651
160;Jugendfreizeitst‰tte - Bungalow;Mariendorfer Damm 117/121;12109;Jugendfreizeiteinrichtung;Strom;kWh;26.584;23.770;22.617;8.060;8.059;14.530;12.027;11.652;10.200;12.162
324;Wochenmarkt - Mariendorfer Damm;Mariendorfer Damm 92;12109;Markt;Strom;kWh;23.328;20.781;19.778;15.446;16.168;15.407;13.900;15.300;13.700;11.300
161;Eduard Bernoth Haus;Marienfelder Allee 104;12277;Seniorenfreizeiteinrichtung;W‰rme;kWh;46.205;50.384;49.396;49.637;47.181;45.024;48.833;47.002;46.753;47.221
161;Eduard Bernoth Haus;Marienfelder Allee 104;12277;Seniorenfreizeiteinrichtung;Strom;kWh;12.334;12.444;12.216;11.668;12.022;13.039;12.483;14.984;9.824;12.462
162;Stadtteilbibliothek Marienfelde und Jugendfreizeiteinrichtung;Marienfelder Allee 107/109;12277;Bibliothek;W‰rme;kWh;200.433;193.008;157.854;181.911;158.846;154.443;191.746;189.055;187.454;162.473
162;Stadtteilbibliothek Marienfelde und Jugendfreizeiteinrichtung;Marienfelder Allee 107/109;12277;Bibliothek;Strom;kWh;28.221;23.797;18.888;14.166;13.460;13.550;15.884;18.159;14.960;16.975
163;"Senionrenfreizeitst‰tte ""Sorgenfrei""";Markgrafenstraﬂe 10;12105;Seniorenfreizeiteinrichtung;W‰rme;kWh;83.453;84.077;69.273;70.621;72.710;67.723;68.923;69.026;68.731;64.562
163;"Senionrenfreizeitst‰tte ""Sorgenfrei""";Markgrafenstraﬂe 10;12105;Seniorenfreizeiteinrichtung;Strom;kWh;6.895;7.935;7.634;8.009;7.917;12.316;8.338;7.850;6.334;7.173
164;Sportplatz - Markgrafenstraﬂe;Markgrafenstraﬂe 19-24;12105;Sportplatz / Sportbetriebsgeb‰ude;W‰rme;kWh;246.779;230.581;196.317;192.705;242.624;250.338;202.603;247.348;245.141;267.113
164;Sportplatz - Markgrafenstraﬂe;Markgrafenstraﬂe 19-24;12105;Sportplatz / Sportbetriebsgeb‰ude;Strom;kWh;52.061;42.955;44.037;34.855;40.602;71.522;35.911;40.979;41.147;63.275
299;Jugendkunstschule Tempelhof-Schˆneberg;Martin-Luther-Straﬂe 46;10779;Jugendfreizeiteinrichtung;Strom;kWh;6.911;6.848;6.909;5.335;5.563;6.453;5.401;5.898;5.745;5.829
165;Thomas-Dehler-Bibliothek;Martin-Luther-Straﬂe 77;10825;Bibliothek;W‰rme;kWh;70.276;72.094;65.620;70.258;74.010;71.647;80.948;84.013;89.975;84.213
165;Thomas-Dehler-Bibliothek;Martin-Luther-Straﬂe 77;10825;Bibliothek;Strom;kWh;15.669;15.837;16.921;16.984;15.172;15.787;15.604;12.776;13.362;13.845
166;Betreuungseinrichtung Weiﬂe Rose;Martin-Luther-Straﬂe 77;10825;Betreuungsst‰tte;W‰rme;kWh;222.785;228.548;208.026;222.727;234.622;227.132;256.616;266.333;285.233;266.967
166;Betreuungseinrichtung Weiﬂe Rose;Martin-Luther-Straﬂe 77;10825;Betreuungsst‰tte;Strom;kWh;49.672;50.206;53.642;53.842;48.098;50.048;49.467;40.501;42.358;43.892
167;Friedhof 4;Matth‰ifriedhofsweg 8 / Priesterweg;10829;Kapelle;Strom;kWh;2.952;2.967;526;1.501;1.931;2.628;2.529;9.541;5.624;8.078
168;K‰the-Kollwitz-Schule;Mellener Straﬂe 38-42;12307;Schulgeb‰ude;W‰rme;kWh;374.879;386.211;373.620;383.389;455.649;433.531;408.758;355.491;386.990;445.722
168;K‰the-Kollwitz-Schule;Mellener Straﬂe 38-42;12307;Schulgeb‰ude;Strom;kWh;82.730;81.069;94.422;86.054;80.659;85.672;80.793;83.232;72.959;74.293
300;Jugendfreizeiteinrichtung - Menzelstraﬂe;Menzelstraﬂe 5-6;12157;Jugendfreizeiteinrichtung;Strom;kWh;8.180;5.630;936;0;0;0;0;0;0;0
169;R¸ckert-Schule;Mettestraﬂe 8;10825;Schulgeb‰ude;W‰rme;kWh;438.902;926.384;944.481;975.106;986.131;1.050.520;1.097.669;1.113.262;1.100.323;976.308
169;R¸ckert-Schule;Mettestraﬂe 8;10825;Schulgeb‰ude;Strom;kWh;77.019;141.705;139.200;135.977;133.856;140.899;140.478;139.700;139.861;139.313
170;Sternberg - Grundschule;Mettestraﬂe 8;10825;Schulgeb‰ude;W‰rme;kWh;54.501;115.034;117.281;121.084;122.453;130.450;136.306;138.243;136.634;121.235
170;Sternberg - Grundschule;Mettestraﬂe 8;10825;Schulgeb‰ude;Strom;kWh;9.791;18.014;17.696;17.286;17.017;17.912;17.858;17.759;17.780;17.710
172;Sportplatz - Monumentenstraﬂe;Monumentenstraﬂe 13c;10829;Umkleidegeb‰ude;W‰rme;kWh;62.538;82.604;99.024;86.523;66.340;62.578;64.398;65.337;75.308;71.527
172;Sportplatz - Monumentenstraﬂe;Monumentenstraﬂe 13c;10829;Umkleidegeb‰ude;Strom;kWh;9.729;9.755;11.097;8.870;8.800;6.620;9.255;6.598;8.619;7.974
133;Robert-Blum-Schule;Monumentenstraﬂe 13d;10829;Sporthalle;W‰rme;kWh;200.969;131.946;0;100.307;98.955;62.085;70.343;71.240;71.640;85.932
133;Robert-Blum-Schule;Monumentenstraﬂe 13d;10829;Sporthalle;Strom;kWh;0;0;913;8.735;11.378;11.655;70.949;70.848;39.199;46.879
174;Sportplatz - Monumentenstraﬂe;Monumentenstraﬂe 13d;10829;Gymnastikhalle;W‰rme;kWh;105.176;112.362;123.648;121.408;102.023;110.879;112.886;114.641;67.280;80.003
174;Sportplatz - Monumentenstraﬂe;Monumentenstraﬂe 13d;10829;Gymnastikhalle;Strom;kWh;14.716;14.756;16.785;13.416;13.311;10.014;13.999;9.981;13.037;12.063
175;Wilhelm-Fˆrster-Sternwarte;Munsterdamm 86;12169;Sternwarte;W‰rme;kWh;88.402;250.270;207.137;228.484;240.247;194.934;143.656;0;0;0
175;Wilhelm-Fˆrster-Sternwarte;Munsterdamm 86;12169;Sternwarte;Strom;kWh;43.960;36.431;39.305;43.002;34.301;39.973;39.186;0;0;0
176;Nahariya-Schule;Nahariyastraﬂe 13;12309;Mobile Klassen (Altbau);W‰rme;kWh;80.783;68.905;66.916;60.347;56.065;63.165;72.445;88.258;78.763;112.482
176;Nahariya-Schule;Nahariyastraﬂe 13;12309;Mobile Klassen (Altbau);Strom;kWh;18.439;17.349;16.769;16.930;17.708;17.725;17.776;18.137;19.695;18.781
177;Nahariya-Schule;Nahariyastraﬂe 13;12309;Schulgeb‰ude;W‰rme;kWh;611.762;521.809;506.747;457.005;424.578;478.341;548.619;668.373;596.466;851.818
177;Nahariya-Schule;Nahariyastraﬂe 13;12309;Schulgeb‰ude;Strom;kWh;139.636;131.383;126.988;128.211;134.102;134.229;134.617;137.349;149.147;142.226
178;Nahariya-Schule;Nahariyastraﬂe 13;12309;Sporthalle;W‰rme;kWh;221.758;189.151;183.691;165.660;153.906;173.394;198.869;242.279;216.213;308.776
178;Nahariya-Schule;Nahariyastraﬂe 13;12309;Sporthalle;Strom;kWh;50.617;47.625;46.032;46.475;48.611;48.657;48.797;49.788;54.064;51.555
179;Nahariya-Schule;Nahariyastraﬂe 13;12309;Mobile Klassen (Neubau);W‰rme;kWh;80.547;68.704;66.721;60.171;55.902;62.980;72.234;88.001;78.533;112.154
179;Nahariya-Schule;Nahariyastraﬂe 13;12309;Mobile Klassen (Neubau);Strom;kWh;18.385;17.298;16.720;16.881;17.657;17.673;17.724;18.084;19.637;18.726
302;Kolonie - H¸fnerg‰rten;Nahmitzer Damm 3, 5, 7;12277;Gr¸nfl‰che / Beleuchtung;Strom;kWh;2.849;4.275;4.940;4.036;3.609;3.639;5.750;4.325;3.599;4.098
180;Rathaus Friedenau;Niedstraﬂe 1-2;12159;Dienstgeb‰ude;W‰rme;kWh;1.454.587;1.473.174;1.452.230;1.561.547;1.366.820;1.287.364;297.912;0;0;0
180;Rathaus Friedenau;Niedstraﬂe 1-2;12159;Dienstgeb‰ude;Strom;kWh;245.707;225.501;246.566;203.138;180.367;167.341;118.650;0;0;0
325;Nikolaus-Bares-Weg - Wegebeleuchtung;Nikolaus-Bares-Weg 81;12279;Gr¸nfl‰che / Beleuchtung;Strom;kWh;377;359;553;333;56;55;951;252;633;625
181;VHS-Kolleg;N¸rnberger Straﬂe 63;10787;Volkshochschule;W‰rme;kWh;415.495;364.719;329.860;335.935;318.001;341.199;351.136;326.614;337.493;341.341
181;VHS-Kolleg;N¸rnberger Straﬂe 63;10787;Volkshochschule;Strom;kWh;74.248;75.324;49.028;73.041;89.909;89.255;88.950;95.300;98.100;103.600
182;Ruppin-Schule;Offenbacher Straﬂe 5a;14197;Schulgeb‰ude;W‰rme;kWh;475.344;452.241;369.190;489.096;479.692;506.923;590.340;609.832;610.184;573.996
182;Ruppin-Schule;Offenbacher Straﬂe 5a;14197;Schulgeb‰ude;Strom;kWh;76.668;84.628;75.408;79.021;89.066;83.117;85.059;93.355;108.453;81.128
183;Ruppin-Schule;Offenbacher Straﬂe 5a;14197;Schulgeb‰ude (Anbau);W‰rme;kWh;406.621;386.858;315.814;418.385;410.340;433.634;504.990;521.665;521.966;491.009
183;Ruppin-Schule;Offenbacher Straﬂe 5a;14197;Schulgeb‰ude (Anbau);Strom;kWh;65.583;72.393;64.505;67.596;76.190;71.100;72.761;79.858;92.773;69.399
184;Friedenauer Gemeinschaftsschule;Otzenstraﬂe 16-17;12159;Sporthalle;W‰rme;kWh;84.090;69.675;68.248;63.853;55.657;62.798;64.869;67.223;65.983;74.712
184;Friedenauer Gemeinschaftsschule;Otzenstraﬂe 16-17;12159;Sporthalle;Strom;kWh;11.139;10.813;9.485;8.942;8.725;8.679;9.488;8.609;7.921;8.448
185;Friedenauer Gemeinschaftsschule;Otzenstraﬂe 16-17;12159;Schulgeb‰ude;W‰rme;kWh;550.046;464.704;454.578;429.363;379.267;425.627;438.421;452.627;459.957;501.275
185;Friedenauer Gemeinschaftsschule;Otzenstraﬂe 16-17;12159;Schulgeb‰ude;Strom;kWh;68.422;66.420;58.266;54.929;53.595;53.312;58.285;52.880;48.655;51.894
186;Spreewald-Schule;Pallasstraﬂe 15-17;10781;Sporthalle;W‰rme;kWh;609.678;613.280;556.384;580.738;516.523;496.313;522.593;404.841;428.917;477.353
186;Spreewald-Schule;Pallasstraﬂe 15-17;10781;Sporthalle;Strom;kWh;129.734;121.952;113.597;113.575;114.121;113.547;104.523;94.775;93.845;97.526
187;Spreewald-Schule;Pallasstraﬂe 15-17;10781;Schulgeb‰ude;W‰rme;kWh;519.765;522.835;474.330;495.092;440.348;423.119;445.522;345.136;365.661;406.954
187;Spreewald-Schule;Pallasstraﬂe 15-17;10781;Schulgeb‰ude;Strom;kWh;110.602;103.967;96.844;96.826;97.291;96.801;89.109;80.798;80.005;83.143
188;Hochbunker Pallasstraﬂe;Pallasstraﬂe 30;10781;Bunker;Strom;kWh;442;438;995;925;940;307;368;237;246;842
326;Klarensee - Wasserumw‰lzanlage;Parkstraﬂe 8;12103;Brunnen;Strom;kWh;7.931;16.642;7.649;18.088;19.719;26.261;17.139;23.060;23.648;21.288
189;Friedrich-Bergius-Schule;Perelsplatz 6-9;12159;Sporthalle;W‰rme;kWh;196.165;219.368;179.393;200.138;220.684;165.731;154.798;171.928;153.463;119.256
189;Friedrich-Bergius-Schule;Perelsplatz 6-9;12159;Sporthalle;Strom;kWh;7.626;7.644;6.803;7.093;6.867;7.492;6.450;6.608;6.496;4.892
190;Friedrich-Bergius-Schule;Perelsplatz 6-9;12159;Schulgeb‰ude;W‰rme;kWh;663.927;647.702;653.795;661.349;582.656;691.947;708.610;723.848;701.457;626.764
190;Friedrich-Bergius-Schule;Perelsplatz 6-9;12159;Schulgeb‰ude;Strom;kWh;77.939;78.131;69.529;72.493;70.191;76.570;65.930;67.543;66.396;50.003
289;Friedrich-Bergius-Schule;Perelsplatz 6-9;12159;Schulgeb‰ude (Neubau);W‰rme;kWh;0;85.061;115.980;150.743;125.903;117.246;128.416;149.565;172.391;156.599
289;Friedrich-Bergius-Schule;Perelsplatz 6-9;12159;Schulgeb‰ude (Neubau);Strom;kWh;0;12.387;41.035;39.383;34.247;35.912;32.705;37.198;43.301;37.537
191;Prignitz-Schule;Pˆppelmannstraﬂe 2;12157;Schulgeb‰ude;W‰rme;kWh;469.715;458.822;497.474;532.204;546.452;454.914;494.135;508.794;511.588;486.555
191;Prignitz-Schule;Pˆppelmannstraﬂe 2;12157;Schulgeb‰ude;Strom;kWh;60.769;58.671;61.605;66.851;69.465;65.521;66.584;65.123;64.057;65.686
192;Prignitz-Schule;Pˆppelmannstraﬂe 2;12157;Sporthalle;W‰rme;kWh;73.923;71.037;77.930;82.031;85.861;69.346;75.841;79.177;80.196;77.657
192;Prignitz-Schule;Pˆppelmannstraﬂe 2;12157;Sporthalle;Strom;kWh;11.356;10.964;11.512;12.493;12.981;12.244;12.443;12.170;11.971;12.275
193;Kiepert-Schule;Prechtlstraﬂe 21/23;12277;Hortgeb‰ude (Neubau);W‰rme;kWh;89.143;95.195;85.798;85.173;79.930;79.140;86.752;91.073;87.617;81.547
193;Kiepert-Schule;Prechtlstraﬂe 21/23;12277;Hortgeb‰ude (Neubau);Strom;kWh;9.567;8.879;9.159;9.559;9.751;9.689;10.142;9.890;9.238;9.212
194;Kiepert-Schule;Prechtlstraﬂe 21/23;12277;Hortgeb‰ude (Altbau);W‰rme;kWh;91.802;98.035;88.357;87.714;82.315;81.501;89.340;93.790;90.231;83.980
194;Kiepert-Schule;Prechtlstraﬂe 21/23;12277;Hortgeb‰ude (Altbau);Strom;kWh;9.852;9.143;9.432;9.844;10.042;9.978;10.445;10.185;9.514;9.487
196;Kiepert-Schule;Prechtlstraﬂe 21/23;12277;Sporthalle;W‰rme;kWh;110.278;117.765;106.139;105.367;98.881;97.903;107.320;112.666;108.390;100.881
196;Kiepert-Schule;Prechtlstraﬂe 21/23;12277;Sporthalle;Strom;kWh;11.835;10.983;11.331;11.825;12.063;11.986;12.547;12.235;11.428;11.396
197;Kiepert-Schule;Prechtlstraﬂe 21/23;12277;Schulgeb‰ude;W‰rme;kWh;507.300;541.743;488.263;484.710;454.872;450.375;493.696;518.285;498.617;464.075
197;Kiepert-Schule;Prechtlstraﬂe 21/23;12277;Schulgeb‰ude;Strom;kWh;54.443;50.526;52.124;54.397;55.494;55.139;57.717;56.281;52.573;52.423
198;Kiepert-Schule;Prechtlstraﬂe 21/23;12277;Kunstr‰ume;W‰rme;kWh;24.099;25.735;23.195;23.026;21.608;21.395;23.453;24.621;23.687;22.046
198;Kiepert-Schule;Prechtlstraﬂe 21/23;12277;Kunstr‰ume;Strom;kWh;2.586;2.400;2.476;2.584;2.636;2.619;2.742;2.674;2.497;2.490
200;Sportplatz Volkspark;Pr¸hﬂstraﬂe 90;12109;Sportplatz / Sportbetriebsgeb‰ude;W‰rme;kWh;376.344;362.158;384.117;411.753;513.540;412.282;439.119;446.245;445.042;577.947
200;Sportplatz Volkspark;Pr¸hﬂstraﬂe 90;12109;Sportplatz / Sportbetriebsgeb‰ude;Strom;kWh;84.077;86.031;95.235;82.274;82.758;84.952;86.116;89.950;78.962;91.690
201;Bruno-H-B¸rgel-Schule;Rackeb¸ller Weg 70;12305;Mobile Klassen;W‰rme;kWh;117.069;110.457;107.009;110.006;111.209;118.627;113.476;104.690;112.705;106.912
201;Bruno-H-B¸rgel-Schule;Rackeb¸ller Weg 70;12305;Mobile Klassen;Strom;kWh;13.970;9.172;9.892;9.793;5.138;4.067;10.705;9.358;7.488;8.104
202;Bruno-H-B¸rgel-Schule;Rackeb¸ller Weg 70;12305;Schulgeb‰ude;W‰rme;kWh;509.215;940.487;474.797;406.750;495.436;510.790;512.422;506.992;517.450;411.818
202;Bruno-H-B¸rgel-Schule;Rackeb¸ller Weg 70;12305;Schulgeb‰ude;Strom;kWh;35.961;40.146;29.717;35.620;35.797;35.166;39.072;40.750;39.325;39.752
203;Bruno-H-B¸rgel-Schule;Rackeb¸ller Weg 70;12305;Neubau;W‰rme;kWh;110.700;118.861;116.321;122.000;119.680;110.816;99.812;117.692;150.540;115.154
203;Bruno-H-B¸rgel-Schule;Rackeb¸ller Weg 70;12305;Neubau;Strom;kWh;27.440;33.297;25.568;25.145;26.035;31.224;27.176;37.749;42.009;40.911
204;Bruno-H-B¸rgel-Schule;Rackeb¸ller Weg 70;12305;Sporthalle;W‰rme;kWh;145.361;235.071;109.533;99.585;90.146;111.825;120.049;142.523;126.836;118.397
204;Bruno-H-B¸rgel-Schule;Rackeb¸ller Weg 70;12305;Sporthalle;Strom;kWh;10.265;11.460;8.483;10.168;10.218;10.039;11.154;11.633;11.226;11.348
205;Sportplatz - Rathausstraﬂe;Rathausstraﬂe 10a;12105;Umkleidegeb‰ude;W‰rme;kWh;200.653;225.881;215.527;176.920;177.332;197.825;218.174;235.095;191.744;186.240
205;Sportplatz - Rathausstraﬂe;Rathausstraﬂe 10a;12105;Umkleidegeb‰ude;Strom;kWh;35.234;36.708;37.087;20.648;26.096;45.122;25.769;36.263;31.954;32.000
207;Sportplatz - Rathausstraﬂe;Rathausstraﬂe 10a;12105;Sportplatz / Sportbetriebsgeb‰ude;W‰rme;kWh;74.819;67.575;65.742;71.752;53.606;71.402;72.163;73.308;74.874;92.707
207;Sportplatz - Rathausstraﬂe;Rathausstraﬂe 10a;12105;Sportplatz / Sportbetriebsgeb‰ude;Strom;kWh;4.280;2.200;2.183;2.169;2.236;2.221;2.013;47.103;13.651;25.552
208;Gesundheitsamt 1;Rathausstraﬂe 27;12105;Dienstgeb‰ude;W‰rme;kWh;770.619;827.696;792.940;785.400;586.147;782.551;757.497;701.756;671.194;731.097
208;Gesundheitsamt 1;Rathausstraﬂe 27;12105;Dienstgeb‰ude;Strom;kWh;93.031;91.792;89.105;84.514;62.536;129.682;131.636;123.973;127.382;133.033
209;Lindenhof Schule;Reglinstraﬂe 29;12105;Schulgeb‰ude mit Sporthalle;W‰rme;kWh;256.818;249.057;216.801;227.237;223.162;171.691;153.180;151.570;153.817;163.939
209;Lindenhof Schule;Reglinstraﬂe 29;12105;Schulgeb‰ude mit Sporthalle;Strom;kWh;8.402;6.674;9.607;25.798;27.575;29.161;7.329;7.239;7.508;7.353
210;Lindenhof Schule;Reglinstraﬂe 29;12105;Schulgeb‰ude;W‰rme;kWh;268.305;260.196;226.498;237.400;233.143;179.369;160.030;158.349;160.697;171.271
210;Lindenhof Schule;Reglinstraﬂe 29;12105;Schulgeb‰ude;Strom;kWh;54.846;39.370;52.217;59.714;62.497;56.594;30.756;38.826;35.955;37.683
211;Ulrich-von-Hutten-Schule;Rehagener Straﬂe 35-37;12307;Schulgeb‰ude;W‰rme;kWh;635.555;648.655;626.743;622.709;575.059;575.028;579.096;617.353;671.992;773.987
211;Ulrich-von-Hutten-Schule;Rehagener Straﬂe 35-37;12307;Schulgeb‰ude;Strom;kWh;143.671;140.785;163.975;149.443;140.075;148.780;140.308;144.543;126.703;129.018
214;K‰the-Kollwitz-Schule;Rehagener Straﬂe 42-44;12307;Schulgeb‰ude (Filiale);W‰rme;kWh;219.848;228.955;224.880;219.204;243.932;203.050;213.264;209.570;200.949;198.991
214;K‰the-Kollwitz-Schule;Rehagener Straﬂe 42-44;12307;Schulgeb‰ude (Filiale);Strom;kWh;15.328;15.020;17.494;15.944;14.944;15.873;14.969;15.421;13.518;13.764
215;Heidefriedhof;Reiﬂeckstraﬂe 14;12107;Laden;W‰rme;kWh;21.624;26.291;15.420;16.667;24.247;21.691;21.548;24.141;21.626;22.885
215;Heidefriedhof;Reiﬂeckstraﬂe 14;12107;Laden;Strom;kWh;2.998;2.702;2.612;2.679;2.786;2.763;3.475;3.321;3.298;4.080
216;Heidefriedhof;Reiﬂeckstraﬂe 14;12107;Feierhalle;W‰rme;kWh;245.355;275.325;230.211;277.555;217.356;269.632;225.737;236.799;236.879;246.466
216;Heidefriedhof;Reiﬂeckstraﬂe 14;12107;Feierhalle;Strom;kWh;39.662;35.742;34.553;35.443;36.854;36.545;45.967;43.929;43.632;53.973
217;Heidefriedhof;Reiﬂeckstraﬂe 14;12107;Verwaltungsgeb‰ude;W‰rme;kWh;54.062;65.730;38.552;41.668;60.618;54.228;53.871;60.354;54.067;57.213
217;Heidefriedhof;Reiﬂeckstraﬂe 14;12107;Verwaltungsgeb‰ude;Strom;kWh;7.496;6.755;6.530;6.698;6.965;6.907;8.687;8.302;8.246;10.200
218;Obdachlosenheim;Rembrandtstraﬂe 7;12157;Obdachlosenheim;W‰rme;kWh;179.231;179.305;163.393;155.438;177.132;153.493;176.520;226.725;0;0
218;Obdachlosenheim;Rembrandtstraﬂe 7;12157;Obdachlosenheim;Strom;kWh;22.397;20.353;24.917;25.725;25.082;19.781;17.796;20.958;1.864;0
219;Stechlinsee-Schule;Rheingaustraﬂe 7;12161;Doppelsporthalle;W‰rme;kWh;183.731;200.348;225.824;154.559;162.083;175.007;179.448;184.025;176.250;158.870
219;Stechlinsee-Schule;Rheingaustraﬂe 7;12161;Doppelsporthalle;Strom;kWh;18.395;21.103;32.949;23.209;22.659;11.070;19.951;17.547;18.820;19.823
220;Stechlinsee-Schule;Rheingaustraﬂe 7;12161;Schulgeb‰ude;W‰rme;kWh;386.788;374.852;405.907;392.666;371.000;371.706;408.954;404.006;404.559;390.474
220;Stechlinsee-Schule;Rheingaustraﬂe 7;12161;Schulgeb‰ude;Strom;kWh;52.195;51.997;52.179;50.773;50.390;53.920;53.127;53.872;50.743;47.551
221;Johanna-Eck-Schule;Ringstraﬂe 106;12105;Schulgeb‰ude mit Sporthalle;W‰rme;kWh;925.278;850.784;860.783;916.339;941.656;936.745;992.160;995.016;1.250.837;806.301
221;Johanna-Eck-Schule;Ringstraﬂe 106;12105;Schulgeb‰ude mit Sporthalle;Strom;kWh;110.473;109.148;113.490;120.031;127.708;139.214;133.887;131.679;132.552;154.149
222;Johanna-Eck-Schule;Ringstraﬂe 106;12105;Sporthalle;W‰rme;kWh;107.100;98.478;99.635;106.066;108.996;108.428;114.842;115.173;144.784;93.329
222;Johanna-Eck-Schule;Ringstraﬂe 106;12105;Sporthalle;Strom;kWh;12.787;12.634;13.136;13.893;14.782;16.114;15.497;15.242;15.343;17.843
223;Friedenauer Gemeinschaftsschule;Rubensstraﬂe 63;12157;Schulgeb‰ude;W‰rme;kWh;669.902;643.749;706.215;743.378;778.085;628.427;687.279;717.511;726.746;703.744
223;Friedenauer Gemeinschaftsschule;Rubensstraﬂe 63;12157;Schulgeb‰ude;Strom;kWh;87.317;84.303;88.518;96.056;99.812;94.144;95.673;93.572;92.041;94.382
224;Sporthalle Schˆneberg;Sachsendamm 12;10829;Sporthalle mit Anbau;W‰rme;kWh;660.247;602.468;762.323;205.406;325.112;270.573;289.845;282.726;307.989;290.104
224;Sporthalle Schˆneberg;Sachsendamm 12;10829;Sporthalle mit Anbau;Strom;kWh;163.943;146.743;206.704;198.618;188.034;238.339;226.418;186.971;327.264;191.236
199;Dominicus-Sportplatz;Sachsendamm 12 / Priesterweg 2-10;10829;Sportplatz / Sportbetriebsgeb‰ude;W‰rme;kWh;52.587;73.387;53.263;0;0;0;0;0;0;0
199;Dominicus-Sportplatz;Sachsendamm 12 / Priesterweg 2-10;10829;Sportplatz / Sportbetriebsgeb‰ude;Strom;kWh;13.850;12.397;17.463;16.780;15.886;20.136;19.128;15.796;27.648;16.156
225;Jugend-Verkehrsschule;Sachsendamm 25;10829;Bildungsgeb‰ude Allgemein;Strom;kWh;38.939;39.411;20.733;29.238;26.933;27.005;27.344;29.708;33.745;31.934
226;Gartenarbeitsschule und Freilandlabor Tempelhof-Schˆneberg;Sachsendamm 31-34;10829;Sanit‰rgeb‰ude;W‰rme;kWh;10.716;9.799;9.411;9.918;12.108;11.550;16.355;15.427;15.929;15.504
226;Gartenarbeitsschule und Freilandlabor Tempelhof-Schˆneberg;Sachsendamm 31-34;10829;Sanit‰rgeb‰ude;Strom;kWh;403;404;310;443;433;431;437;530;521;526
227;Gartenarbeitsschule und Freilandlabor Tempelhof-Schˆneberg;Sachsendamm 31-34;10829;Schulgeb‰ude;W‰rme;kWh;62.316;56.980;54.725;57.676;70.407;67.163;95.107;89.712;92.630;90.161
227;Gartenarbeitsschule und Freilandlabor Tempelhof-Schˆneberg;Sachsendamm 31-34;10829;Schulgeb‰ude;Strom;kWh;2.344;2.350;1.801;2.575;2.516;2.508;2.540;3.082;3.027;3.056
228;Gartenarbeitsschule und Freilandlabor Tempelhof-Schˆneberg;Sachsendamm 31-34;10829;Verwaltungsgeb‰ude;W‰rme;kWh;39.450;36.072;34.644;36.513;44.572;42.518;60.209;56.793;58.641;57.078
228;Gartenarbeitsschule und Freilandlabor Tempelhof-Schˆneberg;Sachsendamm 31-34;10829;Verwaltungsgeb‰ude;Strom;kWh;1.484;1.488;1.140;1.630;1.593;1.588;1.608;1.951;1.916;1.935
229;Gartenarbeitsschule und Freilandlabor Tempelhof-Schˆneberg;Sachsendamm 31-34;10829;Lehmhaus;Strom;kWh;1.815;1.819;1.394;1.994;1.948;1.941;1.967;2.386;2.343;2.366
230;Gartenarbeitsschule und Freilandlabor Tempelhof-Schˆneberg;Sachsendamm 31-34;10829;Gew‰chshaus;Strom;kWh;3.592;3.601;2.759;3.946;3.855;3.843;3.893;4.722;4.638;4.684
327;Sameiskystraﬂe - Straﬂen- und Wegebeleuchtung;Sameiskystraﬂe 1;12277;Gr¸nfl‰che / Beleuchtung;Strom;kWh;901;901;901;901;901;901;901;901;901;901
232;Schule auf dem Tempelhofer Feld;Schulenburgring 7-11;12101;Schulgeb‰ude;W‰rme;kWh;792.841;772.913;738.079;800.641;792.515;780.750;853.077;772.513;961.067;750.168
232;Schule auf dem Tempelhofer Feld;Schulenburgring 7-11;12101;Schulgeb‰ude;Strom;kWh;85.439;103.633;66.172;66.241;61.707;63.021;63.365;62.578;70.276;72.397
234;Schule auf dem Tempelhofer Feld;Schulenburgring 7-11;12101;Sporthalle;W‰rme;kWh;0;43.856;79.836;76.032;88.233;88.579;87.277;91.240;110.970;72.485
234;Schule auf dem Tempelhofer Feld;Schulenburgring 7-11;12101;Sporthalle;Strom;kWh;21.714;26.337;16.817;16.834;15.682;16.016;16.104;15.904;17.860;18.399
235;Schule auf dem Tempelhofer Feld;Schulenburgring 7-11;12101;Mobile Klassen;W‰rme;kWh;128.790;125.553;119.894;130.057;128.737;126.826;138.575;125.488;156.117;121.858
235;Schule auf dem Tempelhofer Feld;Schulenburgring 7-11;12101;Mobile Klassen;Strom;kWh;13.879;16.834;10.749;10.760;10.024;10.237;10.293;10.165;11.416;11.760
328;Schw‰bische Straﬂe - Straﬂen- und Wegebeleuchtung;Schw‰bische Straﬂe 11;10781;Gr¸nfl‰che / Beleuchtung;Strom;kWh;1.317;1.317;1.317;1.317;1.317;1.317;1.317;1.317;1.317;1.317
237;Rheingau-Schule;Schwalbacher Straﬂe 3-4;12161;Schulgeb‰ude mit Sporthalle;W‰rme;kWh;794.828;728.125;701.750;718.246;685.227;674.599;757.097;824.515;825.901;836.976
237;Rheingau-Schule;Schwalbacher Straﬂe 3-4;12161;Schulgeb‰ude mit Sporthalle;Strom;kWh;99.481;99.115;99.094;100.075;106.307;111.341;111.750;108.050;93.300;89.950
329;Schwechtenstraﬂe - Wegebeleuchtung;Schwechtenstraﬂe 1;12277;Gr¸nfl‰che / Beleuchtung;Strom;kWh;894;7.352;1.293;366;365;548;1.383;197;0;0
239;Erziehungs- und Familienberatungsstelle;Sponholzstraﬂe 15;12159;Verwaltungsgeb‰ude;W‰rme;kWh;185.078;194.889;183.129;193.377;185.238;186.030;195.151;200.397;215.960;234.811
239;Erziehungs- und Familienberatungsstelle;Sponholzstraﬂe 15;12159;Verwaltungsgeb‰ude;Strom;kWh;41.308;41.617;39.196;42.437;42.871;42.708;41.973;41.509;44.463;42.139
240;Kita Friedenauer Strolche;Sponholzstraﬂe 16;12159;Kindertagesst‰tte;W‰rme;kWh;300.711;316.651;297.543;314.195;300.970;302.257;317.077;325.601;350.887;381.516
240;Kita Friedenauer Strolche;Sponholzstraﬂe 16;12159;Kindertagesst‰tte;Strom;kWh;67.117;67.619;63.686;68.950;69.655;69.392;68.197;67.443;72.242;68.466
241;Neumark-Schule;Steinmetzstraﬂe 46-50;10783;Mobile Klassen;W‰rme;kWh;81.971;79.937;73.173;84.210;82.054;79.063;81.881;85.834;89.338;77.854
241;Neumark-Schule;Steinmetzstraﬂe 46-50;10783;Mobile Klassen;Strom;kWh;7.573;6.650;7.602;7.270;7.236;7.461;8.316;8.585;8.381;9.155
242;Neumark-Schule;Steinmetzstraﬂe 46-50;10783;Sporthalle;W‰rme;kWh;135.804;124.714;120.833;149.789;106.482;110.143;124.565;123.509;135.133;129.666
242;Neumark-Schule;Steinmetzstraﬂe 46-50;10783;Sporthalle;Strom;kWh;17.993;15.802;18.062;17.274;17.192;17.727;19.758;20.397;19.914;21.752
243;Neumark-Schule;Steinmetzstraﬂe 46-50;10783;Schulgeb‰ude;W‰rme;kWh;421.241;386.842;374.803;464.621;330.290;341.645;386.380;383.103;419.160;402.203
243;Neumark-Schule;Steinmetzstraﬂe 46-50;10783;Schulgeb‰ude;Strom;kWh;55.813;49.014;56.026;53.582;53.326;54.987;61.286;63.268;61.768;67.470
244;Seniorenfreizeitst‰tte - Stierstraﬂe;Stierstraﬂe 20a;12159;Seniorenfreizeiteinrichtung;W‰rme;kWh;92.279;96.538;97.008;100.989;97.137;97.673;98.860;98.871;100.336;100.234
244;Seniorenfreizeitst‰tte - Stierstraﬂe;Stierstraﬂe 20a;12159;Seniorenfreizeiteinrichtung;Strom;kWh;20.840;15.442;19.115;18.595;15.628;14.525;14.526;14.447;13.775;13.708
245;Sozialamt;Strelitzstraﬂe 15-17;12105;Dienstgeb‰ude;W‰rme;kWh;366.449;367.936;363.527;373.448;393.176;386.075;348.099;327.458;341.643;354.672
245;Sozialamt;Strelitzstraﬂe 15-17;12105;Dienstgeb‰ude;Strom;kWh;88.144;85.596;92.073;92.690;92.692;90.302;88.000;81.800;78.600;81.650
246;Friedhof 3;Stubenrauchstraﬂe 43-45;12161;Urnenhalle;W‰rme;kWh;30.083;28.620;23.364;30.953;30.358;32.081;37.360;38.594;38.616;36.326
246;Friedhof 3;Stubenrauchstraﬂe 43-45;12161;Urnenhalle;Strom;kWh;11.043;2.611;2.866;15.148;14.421;15.218;7.510;7.510;46.086;7.885
247;Friedhof 3;Stubenrauchstraﬂe 43-45;12161;Kapelle;W‰rme;kWh;16.830;16.012;13.072;17.317;16.984;17.948;20.902;21.592;21.605;20.323
247;Friedhof 3;Stubenrauchstraﬂe 43-45;12161;Kapelle;Strom;kWh;941;1.029;1.034;3.771;2.456;3.066;2.956;2.778;2.762;3.140
330;Wittenbergplatz - Beleuchtung;Tauentzienstraﬂe 1;10789;Gr¸nfl‰che / Beleuchtung;Strom;kWh;0;0;1.436;3.523;3.554;3.531;348;344;234;238
331;Mannsparkplatz - Wegebeleuchtung;Tempelhofer Damm 163;12099;Gr¸nfl‰che / Beleuchtung;Strom;kWh;2.655;2.490;2.504;2.483;2.525;3.245;2.320;2.680;2.350;2.750
248;Rathaus Tempelhof;Tempelhofer Damm 165/169;12099;Dienstgeb‰ude (Altbau);W‰rme;kWh;1.460.805;1.458.380;1.212.286;1.652.106;1.620.029;1.950.793;1.796.219;1.814.133;1.796.765;1.686.625
248;Rathaus Tempelhof;Tempelhofer Damm 165/169;12099;Dienstgeb‰ude (Altbau);Strom;kWh;410.642;398.190;397.276;422.501;403.204;408.883;417.493;397.358;405.672;384.912
249;Rathaus Tempelhof;Tempelhofer Damm 165/169;12099;Dienstgeb‰ude (Neubau);W‰rme;kWh;415.663;466.388;430.504;370.073;91.052;0;0;0;0;0
249;Rathaus Tempelhof;Tempelhofer Damm 165/169;12099;Dienstgeb‰ude (Neubau);Strom;kWh;74.420;72.163;71.998;76.569;73.072;74.101;75.661;72.013;73.519;69.757
250;Rathaus Tempelhof;Tempelhofer Damm 171/173;12099;Dienstgeb‰ude (Postgeb‰ude);W‰rme;kWh;201.458;201.124;167.185;227.840;223.416;269.032;247.715;250.185;247.790;232.601
250;Rathaus Tempelhof;Tempelhofer Damm 171/173;12099;Dienstgeb‰ude (Postgeb‰ude);Strom;kWh;56.631;54.914;54.788;58.267;55.605;56.389;57.576;54.799;55.946;53.083
251;Sportplatz - Tempelhofer Weg;Tempelhofer Weg 62;10829;Umkleidegeb‰ude;W‰rme;kWh;61.317;59.201;57.892;62.597;62.235;71.270;71.592;72.694;59.490;59.216
251;Sportplatz - Tempelhofer Weg;Tempelhofer Weg 62;10829;Umkleidegeb‰ude;Strom;kWh;11.900;1.014;1.016;1.399;1.296;1.422;84.720;8.959;15.542;11.823
252;Teske-Schule;Tempelhofer Weg 62;10829;Schulgeb‰ude;W‰rme;kWh;736.145;757.043;653.600;696.419;545.767;732.768;896.281;848.953;758.062;889.882
252;Teske-Schule;Tempelhofer Weg 62;10829;Schulgeb‰ude;Strom;kWh;75.388;70.511;80.702;56.843;63.821;163.099;257.062;100.707;75.178;79.674
332;Markt - Tirschenreuther Ring;Tirschenreuther Ring 40;12279;Markt;Strom;kWh;2.793;2.792;2.360;928;792;2.309;0;0;0;0
253;Gustav-Heinemann-Schule;Tirschenreuther Ring 48;12279;Sporthalle;W‰rme;kWh;379.154;384.473;280.098;273.660;286.929;271.234;264.465;241.200;537.927;508.969
253;Gustav-Heinemann-Schule;Tirschenreuther Ring 48;12279;Sporthalle;Strom;kWh;148.580;149.110;135.051;136.068;140.957;140.814;137.168;127.963;120.411;129.453
260;Jugendfreizeiteinrichtung - haus of fun;Tirschenreuther Ring 67;12279;Jugendfreizeiteinrichtung;W‰rme;kWh;142.191;141.079;134.267;130.185;127.322;152.300;140.549;165.527;173.770;162.786
260;Jugendfreizeiteinrichtung - haus of fun;Tirschenreuther Ring 67;12279;Jugendfreizeiteinrichtung;Strom;kWh;13.108;13.106;14.718;11.542;11.269;23.326;12.955;12.187;12.239;14.736
261;Marienfelder-Schule;Tirschenreuther Ring 69;12279;Schulgeb‰ude;W‰rme;kWh;796.969;790.735;752.556;729.675;713.629;853.630;787.763;927.768;973.969;912.404
261;Marienfelder-Schule;Tirschenreuther Ring 69;12279;Schulgeb‰ude;Strom;kWh;44.622;39.953;48.830;40.160;41.613;47.682;51.586;83.740;49.417;83.653
263;Marienfelder-Schule;Tirschenreuther Ring 69;12279;Kindertagesst‰tte;W‰rme;kWh;32.548;32.293;30.734;29.800;29.144;34.862;32.172;37.890;39.777;37.262
263;Marienfelder-Schule;Tirschenreuther Ring 69;12279;Kindertagesst‰tte;Strom;kWh;1.822;1.632;1.994;1.640;1.699;1.947;2.107;3.420;2.018;3.416
264;Marienfelder-Schule;Tirschenreuther Ring 69;12279;Sporthalle;W‰rme;kWh;213.279;211.611;201.393;195.270;190.976;228.442;210.815;248.282;260.646;244.171
264;Marienfelder-Schule;Tirschenreuther Ring 69;12279;Sporthalle;Strom;kWh;11.941;10.692;13.068;10.747;11.136;12.760;13.805;22.410;13.225;22.387
265;Marienfelder-Schule;Tirschenreuther Ring 69;12279;Volkshochschule;W‰rme;kWh;34.653;34.382;32.722;31.727;31.029;37.117;34.253;40.340;42.349;39.672
265;Marienfelder-Schule;Tirschenreuther Ring 69;12279;Volkshochschule;Strom;kWh;1.940;1.737;2.123;1.746;1.809;2.073;2.243;3.641;2.149;3.637
333;Viktoria-Luise-Platz - Wegebeleuchtung;Viktoria-Luise-Platz 3;10777;Gr¸nfl‰che / Beleuchtung;Strom;kWh;4.119;4.119;4.119;4.119;4.119;4.119;4.119;4.119;4.119;4.119
334;Viktoria-Luise-Platz - Springbrunnen;Viktoria-Luise-Platz 4;10777;Brunnen;Strom;kWh;47.399;33.196;37.987;26.815;28.855;43.871;34.140;33.015;28.494;26.181
267;Sportanlage - Vorarlberger Damm;Vorarlberger Damm 33;12157;Umkleidegeb‰ude;W‰rme;kWh;237.458;256.486;260.641;232.692;341.429;313.648;279.845;292.006;295.635;278.965
267;Sportanlage - Vorarlberger Damm;Vorarlberger Damm 33;12157;Umkleidegeb‰ude;Strom;kWh;60.861;64.293;91.248;87.814;220.990;125.982;117.205;166.529;136.902;130.615
266;Tennisplatz - Vorarlberger Damm;Vorarlberger Damm 37;12157;Umkleidegeb‰ude;W‰rme;kWh;50.751;54.817;55.705;49.732;72.972;67.034;59.810;62.409;63.184;59.622
266;Tennisplatz - Vorarlberger Damm;Vorarlberger Damm 37;12157;Umkleidegeb‰ude;Strom;kWh;13.007;13.741;19.502;18.768;47.231;26.925;25.050;35.591;29.259;27.916
335;Wochenmarkt - Waldsassener Straﬂe;Waldsassener Str. 47;12279;Markt;Strom;kWh;0;0;0;0;0;1.082;1.641;1.407;1.340;1.631
254;Gustav-Heinemann-Schule;Waldsassener Straﬂe 62;12279;Schulgeb‰ude (Haus 5);W‰rme;kWh;234.355;250.987;234.118;225.727;229.069;223.147;260.588;250.172;285.253;282.661
254;Gustav-Heinemann-Schule;Waldsassener Straﬂe 62;12279;Schulgeb‰ude (Haus 5);Strom;kWh;43.045;43.396;44.845;43.489;42.695;42.394;41.777;42.991;39.824;42.963
255;Gustav-Heinemann-Schule;Waldsassener Straﬂe 62;12279;Schulgeb‰ude (Haus 1);W‰rme;kWh;273.103;292.485;272.827;263.048;266.943;260.042;303.673;291.535;332.416;329.396
255;Gustav-Heinemann-Schule;Waldsassener Straﬂe 62;12279;Schulgeb‰ude (Haus 1);Strom;kWh;50.162;50.571;52.260;50.679;49.754;49.403;48.684;50.099;46.409;50.067
256;Gustav-Heinemann-Schule;Waldsassener Straﬂe 62;12279;Schulgeb‰ude (Haus 4);W‰rme;kWh;138.109;147.911;137.970;133.025;134.994;131.504;153.569;147.431;168.104;166.577
256;Gustav-Heinemann-Schule;Waldsassener Straﬂe 62;12279;Schulgeb‰ude (Haus 4);Strom;kWh;25.367;25.574;26.428;25.629;25.161;24.984;24.620;25.335;23.469;25.319
257;Gustav-Heinemann-Schule;Waldsassener Straﬂe 62;12279;Schulgeb‰ude (Haus 3);W‰rme;kWh;220.072;235.691;219.850;211.970;215.109;209.548;244.707;234.926;267.869;265.435
257;Gustav-Heinemann-Schule;Waldsassener Straﬂe 62;12279;Schulgeb‰ude (Haus 3);Strom;kWh;40.422;40.751;42.112;40.838;40.093;39.810;39.231;40.371;37.397;40.345
258;Gustav-Heinemann-Schule;Waldsassener Straﬂe 62;12279;Schulgeb‰ude (Haus 2);W‰rme;kWh;220.230;235.860;220.007;212.122;215.263;209.698;244.882;235.094;268.060;265.625
258;Gustav-Heinemann-Schule;Waldsassener Straﬂe 62;12279;Schulgeb‰ude (Haus 2);Strom;kWh;40.451;40.780;42.142;40.868;40.122;39.839;39.259;40.400;37.424;40.374
259;Gustav-Heinemann-Schule;Waldsassener Straﬂe 62;12279;Schulgeb‰ude (Haus 6);W‰rme;kWh;278.086;297.822;277.805;267.848;271.814;264.787;309.214;296.855;338.482;335.406
259;Gustav-Heinemann-Schule;Waldsassener Straﬂe 62;12279;Schulgeb‰ude (Haus 6);Strom;kWh;51.077;51.494;53.213;51.604;50.662;50.305;49.572;51.013;47.256;50.980
268;Finow-Schule;Welser Straﬂe 16-22;10777;Schulgeb‰ude;W‰rme;kWh;270.067;242.050;259.556;265.872;237.901;304.070;274.760;274.081;287.501;285.988
268;Finow-Schule;Welser Straﬂe 16-22;10777;Schulgeb‰ude;Strom;kWh;129.814;127.714;129.990;123.750;117.098;114.178;114.787;118.040;112.049;117.454
269;Finow-Schule;Welser Straﬂe 16-22;10777;Hortgeb‰ude;W‰rme;kWh;84.869;76.065;81.566;83.551;74.761;95.555;86.344;86.131;90.348;89.873
269;Finow-Schule;Welser Straﬂe 16-22;10777;Hortgeb‰ude;Strom;kWh;42.386;41.700;42.444;40.406;38.234;37.281;37.480;38.542;36.586;38.350
270;Finow-Schule;Welser Straﬂe 16-22;10777;Sporthalle;W‰rme;kWh;458.820;596.662;685.583;535.054;481.050;418.975;450.056;528.705;526.431;533.743
270;Finow-Schule;Welser Straﬂe 16-22;10777;Sporthalle;Strom;kWh;57.687;56.753;57.765;54.992;52.036;50.738;51.009;52.454;49.792;52.194
271;Gesundheitsamt 4;Welser Straﬂe 21-23;10777;Dienstgeb‰ude;W‰rme;kWh;124.725;104.770;108.215;107.457;123.443;106.567;103.917;106.058;105.275;105.074
271;Gesundheitsamt 4;Welser Straﬂe 21-23;10777;Dienstgeb‰ude;Strom;kWh;13.771;24.352;20.071;21.032;21.564;21.180;22.818;23.539;21.337;24.085
272;Tennisplatz - Westphalweg;Westphalweg 8/14;12109;Sportplatz / Sportbetriebsgeb‰ude;W‰rme;kWh;117.160;133.757;89.934;97.388;110.896;105.503;107.210;115.378;100.739;104.056
272;Tennisplatz - Westphalweg;Westphalweg 8/14;12109;Sportplatz / Sportbetriebsgeb‰ude;Strom;kWh;10.372;10.382;25.717;15.759;13.208;13.441;10.503;13.058;10.921;9.896
273;Schule im Taunusviertel;Wiesbadener Straﬂe 20;12309;Sporthalle;W‰rme;kWh;205.271;208.084;197.578;209.945;169.873;214.926;235.434;238.497;260.441;270.978
273;Schule im Taunusviertel;Wiesbadener Straﬂe 20;12309;Sporthalle;Strom;kWh;31.161;29.306;31.338;31.113;31.368;34.239;36.330;36.311;36.123;32.978
274;Schule im Taunusviertel;Wiesbadener Straﬂe 20;12309;Schulgeb‰ude;W‰rme;kWh;318.596;322.962;306.657;325.852;263.657;333.582;365.411;370.166;404.225;420.579
274;Schule im Taunusviertel;Wiesbadener Straﬂe 20;12309;Schulgeb‰ude;Strom;kWh;48.364;45.485;48.638;48.290;48.686;53.142;56.387;56.358;56.065;51.184
275;Schule im Taunusviertel;Wiesbadener Straﬂe 20;12309;Pavillon;W‰rme;kWh;21.093;21.382;20.303;21.573;17.456;22.085;24.192;24.507;26.762;27.845
275;Schule im Taunusviertel;Wiesbadener Straﬂe 20;12309;Pavillon;Strom;kWh;3.202;3.011;3.220;3.197;3.223;3.518;3.733;3.731;3.712;3.389
338;Gartenrevier - Wilhelm-v-Siemens-Straﬂe;Wilhelm-v-Siemens-Straﬂe 25;12277;Gr¸nfl‰che / Beleuchtung;Strom;kWh;523;0;0;0;0;0;0;0;0;0
337;Markt - Winterfeldplatz;Winterfeldtplatz;10781;Markt;Strom;kWh;54.244;52.274;52.885;54.172;53.750;52.073;52.050;45.100;44.100;45.450
278;Seniorenwohnheim - Winterfeldtstraﬂe;Winterfeldtstraﬂe 30;10781;Seniorenwohnheim;W‰rme;kWh;335.242;472.107;259.551;0;239.109;225.158;235.009;246.173;251.752;243.659
278;Seniorenwohnheim - Winterfeldtstraﬂe;Winterfeldtstraﬂe 30;10781;Seniorenwohnheim;Strom;kWh;15.054;15.269;14.574;13.639;13.794;12.582;11.328;10.353;10.473;10.728
279;Sch‰tzelberg-Schule;Wolfsburger Weg 13-19;12109;Hortgeb‰ude;W‰rme;kWh;56.541;79.560;86.787;75.663;76.876;81.742;79.883;80.115;83.666;80.886
279;Sch‰tzelberg-Schule;Wolfsburger Weg 13-19;12109;Hortgeb‰ude;Strom;kWh;10.071;9.134;8.762;9.711;10.516;11.818;11.359;11.394;11.227;11.382
280;Sch‰tzelberg-Schule;Wolfsburger Weg 13-19;12109;Schulgeb‰ude;W‰rme;kWh;282.495;397.504;433.610;378.035;384.093;408.406;399.119;400.275;418.017;404.129
280;Sch‰tzelberg-Schule;Wolfsburger Weg 13-19;12109;Schulgeb‰ude;Strom;kWh;50.319;45.636;43.779;48.520;52.539;59.047;56.751;56.929;56.096;56.867
281;Sch‰tzelberg-Schule;Wolfsburger Weg 13-19;12109;Sporthalle;W‰rme;kWh;70.236;98.831;107.808;93.990;95.496;101.541;99.232;99.520;103.931;100.478
281;Sch‰tzelberg-Schule;Wolfsburger Weg 13-19;12109;Sporthalle;Strom;kWh;12.511;11.346;10.885;12.063;13.063;14.681;14.110;14.154;13.947;14.139
