Bezirk Steglitz-Zehlendorf: Energieverbrauchsübersicht bezirklicher Liegenschaften 2017-2018-2019;;;;;;;;;;;;;;;;
;;;;;;;;;;;;;;;;
lfd. Nr.;Liegenschaft;Adresse;PLZ;Art der Wärme-versorgung;Wärme-verbrauch witterungs-bereinigt [kWh];;;Strom-verbrauch [kWh];;;Bemerkungen;;;;;
;;;;;2017;2018;2019;2017;2018;2019;;;;;;
1;Helene-Lange-Gesamtschule - ehem. Frh. von Hünefeld-GS;Lauenburgerstr.114;12169;Fernwärme;;;;50.008;36.579;40.796;Wärmeversorgung aus Nr. 20;;;;;
2;Sachsenwald - Grundschule;Sachsenwaldstr. 20 - 21;12157;Fernwärme;551.772;562.927;496.817;71.498;67.066;87.262;;;;;;
3;Dunant- Grundschule;Gritznerstr.19 - 23;12163;Fernwärme;829.736;832.097;761.209;00;00;00;Stromversorgung aus Nr. 31;;;;;
4;Grundschule am Insulaner;Hanstedter Weg 11;12169;Fernwärme;578.760;659.452;584.117;72.100;72.300;71.700;;;;;;
5;Athene - Grundschule;Curtiusstr. 37 - 41;12205;Fernwärme;663.827;683.517;688.484;182.949;182.870;171.876;versorgt mit Strom externe Kita;;;;;
6;Alt Lankwitzer Grundschule;Schulstr.17-27;12247;Gas;644.240;585.420;469.799;53.911;48.222;50.900;;;;;;
7;Paul Schneider Grundschule;Seydlitzstr. 30 - 40;12249;Gas;1.112.850;1.170.800;1.093.607;185.693;180.968;174.816;;;;;;
8;Giesensdorfer  - Grundschule;Ostpreußendamm 63;12207;Gas;545.554;583.303;545.488;58.780;84.968;58.162;;;;;;
9;Kronach - Grundschule;Moltkestr. 24-26;12203;Gas;1.108.728;1.073.480;1.103.538;169.368;157.511;164.559;;;;;;
10;Grundschule unter den Kastanien;Kastanienstraße 7;12209;Gas;898.142;857.223;810.255;103.609;95.136;95.717;;;;;;
11;Clemens-Brentano Grundschule;Kommandantenstr. 83-84;12205;Fernwärme;478.851;497.134;482.585;42.876;45.055;44.376;;;;;;
12;Käthe Kruse Grundschule;Tietzenweg. 108;12203;Gas;495.521;478.872;397.830;57.202;61.636;67.318;;;;;;
13;Grundschule am Königsgraben;Gallwitzallee 136 - 144;12249;Gas;334.533;782.895;660.163;79.008;83.725;78.460;;;;;;
14;Ludwig-Bechstein-Grundschule;Halbauer Weg, 25;12249;Gas;492.819;574.171;433.684;61.710;57.791;63.411;;;;;;
15;Grundschule am Karpfenteich;Hildburghauserstr. 135-145;12209;Gas;368.984;410.574;515.600;79.518;77.263;79.914;;;;;;
16;Mercator Grundschule;Mercatorweg 8 -10;12207;Fernwärme;720.766;691.542;656.631;55.049;46.622;50.729;;;;;;
17;Grundschule an der Bäke;Haydnstr.11-15;12203;Fernwärme;630.784;646.874;510.325;140.332;124.952;134.293;;;;;;
18;Johann-Thienemann Oberschule & Markus-Grundschule;Karl-Stieler Str. 10;12167;Fernwärme;674.186;443.762;359.336;48.644;47.960;54.272;;;;;;
19;Nikolaus-Augustus-Otto Oberschule ;Tietzenweg 101-113;12203;Gas;532.165;595.109;634.137;125.020;127.448;136.707;;;;;;
20;Helene-Lange-Gesamtschule - ehem. Friedrich-Bayer-OS;Lauenburgerstr.110;12169;Fernwärme;1.722.896;1.481.074;1.386.976;84.469;74.720;81.398;"versorgt mit Wärme: Nr. 1; 25";;;;;
21;Max von Laue Oberschule;Dürerstr. 27;12203;Gas;593.540;684.833;615.489;70.610;65.969;79.200;;;;;;
22;Schmidt-Ott-Oberschule;Plantagenstr.8-10;12169;Gas;331.598;342.220;342.158;35.200;33.650;28.000;;;;;;
23;Beethoven -Oberschule;Barbarastr.9;12249;Gas;506.391;1.420.337;981.027;153.317;147.274;186.629;;;;;;
24;Paulsen-Gymnasium;Gritznerstr. 57;12163;Gas;837.457;706.183;759.220;88.678;85.903;88.057;;;;;;
25;Hermann Ehlers Oberschule;Elisenstr.3-4;12169;Fernwärme;5.480;1.644;1.329;104.469;89.832;87.144;Wärmeversorgung aus Nr. 20;;;;;
26;Fichtenberg Oberschule & Rothenburg-Grundschule;Rothenburgstr. 16-18;12165;Fernwärme;1.029.372;1.164.624;919.101;149.112;138.178;172.532;;;;;;
27;Lilienthal Oberschule;Ringstr.2-3;12203;Gas;961.950;837.632;982.804;159.980;148.914;139.673;;;;;;
28;Goethe Oberschule;Drakestr.72-75;12205;Fernwärme;660.764;705.850;643.500;184.843;183.525;203.267;;;;;;
29;Willi-Graf-Oberschule;Ostpreußendamm 166-167;12207;Gas;912.067;902.929;877.612;159.605;148.907;150.366;;;;;;
30;Gymnasium Steglitz;Heesestr. 15;12169;Gas;675.294;668.053;714.247;126.242;122.527;125.134;;;;;;
31;Kopernikus Oberschule;Lepsiusstr. 24-28;12163;Fernwärme;1.034.891;1.173.400;981.930;276.088;301.154;310.891;versorgt mit Strom: Nr. 3;;;;;
32;Turnhalle der ehem. Kopernikus Oberschule;Ostpreußendamm 108 / Lippstädter Str .5;12207;Fernwärme;311.718;352.347;377.499;129.961;128.010;134.784;;;;;;
33;Bröndby Oberschule;Dessauerstr. 63;12249;Gas;178.371;20.191;19.605;365.398;375.605;352.699;anteilige Wärmeversorgung aus Nr. 35;;;;;
34;Friedrich-Drake-Grundschule;Drakestr.80;12205;Fernwärme;455.382;339.371;251.582;57.333;65.077;58.262;;;;;;
35;Paul-Braune-Schule / Beethoven-OS-Filiale;Dessauerstraße 49-55;12249;Gas;2.150.379;1.892.395;1.869.414;85.021;90.007;86.828;versorgt mit Wärme Nr. 33;;;;;
36;Johann-August-Zeune-Schule;Rothenburgstr.14;12165;Fernwärme;887.661;971.525;922.378;204.069;190.019;202.323;;;;;;
37;Peter-Frankenfeld-Schule;Wedellstr. 26;12247;Gas;627.405;608.969;603.316;130.965;136.243;143.376;;;;;;
38;Freilandlabor - Steglitz;Gärtnerstr. 14-16;12207;Nachtspeicher-heizung;19.373;19.399;21.842;1.388;1.384;1.405;;;;;;
39;Nord-Grundschule;Potsdamer Str. 7;14163;Gas;845.628;815.263;824.709;00;00;00;Stromversorgung aus Nr. 184;;;;;
40;Süd-Grundschule;Claszeile 56;14165;Gas;168.058;164.784;173.171;93.600;106.750;104.750;;;;;;
41;Johannes-Tews-Grundschule;Wasgenst.50 //  Tewsstr.23/16a  // V-Luck-Str. 24;14129;Gas;339.124;314.775;296.641;261.375;250.662;239.247;"anteilige Wärmeversorgung und Stromversorgung aus Nr. 57; versorgt mit Strom Nr. 57; 171";;;;;
42;Erich-Kästner-Grundschule;Bachstelzenweg 2-8;14195;Gas;1.034.036;1.125.973;817.872;119.212;99.370;89.738;;;;;;
43;Conrad-Grundschule;Schulstr. 4;14109;Gas;1.042.616;1.040.935;1.025.887;273.491;273.660;294.646;"versorgt mit Strom: Nr. 67; 71; 100; 101; 141 sowie Kita Alsenstraße (LEB ""Süd-West"")";;;;;
44;Mühlenau-Grundschule;Molsheimer Str. 7;14195;Fernwärme;686.496;701.756;684.217;111.789;95.756;99.217;;;;;;
45;Zinnowald-Grundschule;Wilskistr.78-80;14163;Gas;1.022.544;1.007.577;1.022.749;883.599;915.099;908.542;"versorgt mit Strom: Nr. 51; 59; 102; 105; 173; 174 sowie Kita Wilskistraße 75 (LEB ""Süd-West"")";;;;;
46;Schweizerhof-Grundschule;Leo-Baeck-Str. 28-30;14167;Gas;39.859;33.486;18.991;00;00;00;"anteilige Wärmeversorgung aus Nr. 72; Stromversorgung aus Nr. 61";;;;;
47;Dreilinden-Oberschule;Dreilindenstr. 47-49;14109;Gas;1.357.418;1.296.866;1.239.865;253.043;234.094;215.817;versorgt mit Wärme und Strom Nr. 48;;;;;
48;Dreilinden-Grundschule;Dreilindenstr. 65;14109;Gas;;;;00;00;00;Wärme- und Stromversorgung aus Nr. 47;;;;;
49;Grundschule am Buschgraben;Ludwigsfelder Str. 43-47;14165;Gas;441.595;434.886;398.640;68.560;68.739;69.643;;;;;;
50;Nikolaus-August-Otto-Oberschule - Filiale;Am Rohrgarten 7, 9;14109;Gas;596.504;379.389;498.464;125.872;113.731;114.974;versorgt mit Strom Kita Am Rohrgarten (Freier Träger);;;;;
51;Leistikow-Turnhalle;Hartmannsweilerweg 65;14163;Gas;215.268;221.846;224.852;00;00;00;Stromversorgung aus Nr. 45;;;;;
52;Schadow-Oberschule - ehem. Realschule;Beuckestr. 25;14163;Gas;965.344;584.994;1.764.212;00;00;00;versorgt mit Wärme Nr. 54;;;;;
53;Gail S. Halvorsen Oberschule;Im Gehege 6-8;14195;Gas;854.106;897.010;818.770;69.250;66.750;76.350;;;;;;
54;Schadow-Oberschule - ehem. Gymnasium;Beuckestr. 27-29;14163;Gas;38.219;43.849;47.284;311.972;305.487;307.376;"versorgt mit Strom Nr. 52; 129; Wärmeversorgung aus Nr. 52";;;;;
55;Droste-Hülshoff-Oberschule;Schönower Str. 8;14165;Gas;1.188.709;1.124.127;1.062.487;165.079;159.517;157.824;;;;;;
56;Arndt-Oberschule;Königin-Luise-Str. 80-84/85;14195;Gas;1.159.840;1.122.771;1.143.823;219.072;191.732;172.359;;;;;;
57;Werner-von-Siemens-Oberschule;"Beskidenstr. 1; 1-5; 7";14129;Gas;1.948.065;1.499.389;1.441.982;517;511;564;anteilige Stromversorgung aus Nr. 41;;;;;
58;Wilma-Rudolf-Gesamtschule;Am Hegewinkel 2a;14167;Fernwärme;1.276.535;1.294.974;1.295.736;291.867;323.172;323.259;;;;;;
59;Pestalozzi-Sonderschule;Hartmannsweilerweg 47;14163;Gas;421.424;397.765;378.888;00;00;00;Stromversorgung aus Nr. 45;;;;;
60;Biesalski-Sonderschule, Quentin-Blake-Grundschule & Staatl. Europa-Schule;Hüttenweg 40;14167;Fernwärme;1.439.290;1.465.208;1.339.527;578.462;541.963;522.227;"versorgt mit Strom: Nr. 103; 104 sowie Kita Flanaganstraße (LEB ""Süd-West"")";;;;;
61;John-F.-Kennedy-Schule;Teltower Damm  87 - 93;14167;Gas;3.743.301;3.717.808;3.646.633;1.227.539;1.226.029;1.177.405;"versorgt mit Strom Nr. 46; 72; Liegenschaft ist ab dem 01.01.2019 von BIM GmbH verwaltet";;;;;
62;HORT Gallwitzallee 116;Gallwitzallee 116;12249;Gas;95.459;110.518;99.164;6.191;5.983;6.234;;;;;;
63;HORT Langkofelweg 18;Langkofelweg, 18;12247;Gas;132.606;137.558;120.722;17.014;19.446;20.728;;;;;;
64;HORT Murtenerstraße 10;Murtenerstr.10a;12205;Gas;112.611;124.557;147.883;15.594;13.976;16.202;;;;;;
65;HORT Treitschkestraße 28-30;Treitschkestr. 28-30;12163;Gas;170.990;151.965;200.882;16.650;11.055;19.761;;;;;;
66;JFH - Schottenburg / Verkehrsgarten;Brittendorfer Weg 16+16b;14167;Fernwärme;250.204;196.886;233.012;27.446;30.745;37.074;;;;;;
67;Kita Chausseestraße  27;Chausseestr. 27 - 28;14109;Gas;205.471;67.891;137.709;;;;Stromversorgung aus Nr. 43;;;;;
68;HORT Claszeile 57;Claszeile 57;14165;Gas;314.491;319.112;311.317;31.620;24.700;19.000;;;;;;
69;HORT Ihnestraße;Ihnestr. 74-76;14195;Fernwärme;96.685;97.404;94.818;25.094;25.948;29.019;;;;;;
70;HORT Jaehnstraße;Jaehnstr. 14;14163;Gas;94.552;80.548;94.674;6.653;9.089;6.947;;;;;;
71;Kita Rathaus Wannsee / JFH  Wannsee;Königstr. 42;14109;Gas;296.037;308.041;286.463;;;;Stromversorgung aus Nr. 43;;;;;
72;Kita Reha-Zentrum;Teltower Damm 95-123;14163;Gas;3.025.445;3.114.547;1.894.610;;;;"Stromversorgung aus Nr. 61; Liegenschaft ist ab dem 01.01.2019 von BIM GmbH verwaltet";;;;;
73;Kita Zentrum am Kleeblatt;Von-der-Trenck-Str. 4;14165;Gas;224.948;243.905;227.366;41.250;40.650;37.250;;;;;;
74;Haus der Jugend am Eichgarten 14;Am Eichgarten 14;12167;Fernwärme;104.138;145.486;131.497;5.691;13.431;17.607;;;;;;
75;"Jugendfreizeitheim ""Haus der Jugend""";Argentinische Allee 28;14163;Gas;175.507;192.638;164.978;23.800;23.437;27.165;;;;;;
76;Spielplatz Bergstraße 51;Bergstr. 51;12169;Gas;26.110;26.718;8.385;699;4.402;4.173;;;;;;
77;Jugendfreizeitheim Flemingstraße 14b;Flemingstr. 14b;12163;Gas;215.530;250.459;212.224;14.006;12.077;15.499;;;;;;
78;Jugendwerkheim Geraer Straße 43;Geraer Str. 43;12209;Gas;43.404;53.519;43.471;4.400;3.844;4.212;;;;;;
79;Jugendfreizeitheim Jungfernstieg 19;Jungfernstieg 19;12207;Gas;154.316;146.789;173.173;15.595;15.807;17.819;;;;;;
80;JAZ - Jugendausbildungszentrum;Lissabonallee 6;14129;Gas;1.950.933;2.384.121;2.120.467;314.026;384.050;395.392;;;;;;
81;Jugendfreizeitheim Memlingstraße 14a;Memlingstr. 14a;12203;Gas;89.476;139.316;103.739;8.260;7.355;9.660;;;;;;
82;KBH Ramsteinweg;Ramsteinweg 40;14165;Gas;82.293;111.721;101.277;14.244;18.017;9.383;;;;;;
83;Jugendfreizeitheim Scheelestr/Osdorferstr.;Scheelestr. 145 / Osdorferstr. 90;12209;Fernwärme;145.943;152.903;163.806;;;;Stromversorgung aus Nr. 93;;;;;
84;Jugendgesundheitsdienst Schwendenerstraße;Schwendenerstr. 39;14195;Gas;53.959;56.527;52.142;4.728;4.823;5.753;;;;;;
85;"Jugendfreizeitheim ""Haus Teltow""";Teltower Damm 228;14167;Gas;125.772;131.015;106.060;25.104;16.294;33.518;;;;;;
86;Kinderhaus Schlachtensee (Kinderheim Lindenhof);Quastheide 1/ Wasgensteig 51;14163;Gas;474.498;507.174;523.668;44.847;40.683;28.384;;;;;;
87;Jugendheim Wichurastraße 59;Wichurastr. 59;12249;Gas;36.950;57.416;44.991;6.439;5.898;7.780;;;;;;
88;Jugendwerkheim Königin-Luise-Straße 94;Königin-Luise-Str. 94;14195;Gas;519.564;515.083;554.748;26.170;23.530;22.581;"versorgt mit Wärme Nr. 123; 124; 125";;;;;
89;"""Haus Lankwitz"" Bethovenstraße 28-38";Beethovenstr. 28-38;12247;Gas;700.858;988.798;816.060;87.200;92.275;45.850;;;;;;
90;Jugendheim Bergstr. 2;Bergstr. 2-4;14109;Gas;543.909;636.520;570.585;50.634;50.007;57.997;;;;;;
91;Stadion Lichterfelde;Ostpreußendamm 3-17;12207;Gas;624.222;640.132;594.608;73.295;81.970;86.250;;;;;;
92;Sportanlage Lessingstraße;Lessingstr. 5-8;12169;Gas;684.662;597.992;503.417;74.400;66.182;100.072;;;;;;
93;Sportanlage Osdorferstraße;Osdorferstr. 53;12207;Fernwärme;315.718;259.290;254.953;303.772;335.776;301.668;"versorgt mit Strom Nr. 83 sowie Kita Reamurstraße aus Nr. dem LEB ""Süd-West""";;;;;
94;Sportanlage Malteserstraße;Malteserstr. 53;12249;Gas;101.410;74.992;80.052;18.253;11.979;17.837;;;;;;
95;Sportanlage Leonorenstr./Edenkobenerweg;Leonorenstr. 37-39;12247;Fernwärme;731.958;858.981;945.375;394.574;370.338;476.144;;;;;;
96;Sportanlage Schildhornstr./Kreuznacherstr.;Schildhornstr Str. 29-45;12163;Gas;110.510;118.168;113.436;40.848;41.541;43.729;;;;;;
97;Rollschuhbahn Mühlenstraße;Mühlenstr. 70;12249;Gas;151.989;121.910;120.457;11.511;8.624;10.964;versorgt mit Wärme Nr. 144;;;;;
98;Sportanlage Gallwitzallee;Geraerstr. 99;12249;Gas;113.245;112.735;114.364;29.542;24.554;29.752;;;;;;
99;Sportanlage Wedellstraße;Wedellstr. 57;12249;Gas;844.927;712.384;751.373;64.820;72.125;77.313;;;;;;
100;Gymnastikhalle Wannsee;Königstr. 42a;14109;Gas;71.045;79.928;70.440;;;;Stromversorgung aus Nr. 43;;;;;
101;Sportplatz Wannsee & Alsenstraße;Chausseestr. 29;14109;Gas;136.828;142.980;126.413;11.706;10.814;11.108;Stromversorgung aus Nr. 43;;;;;
102;Sporthalle Zehlendorf;Onkel-Tom-Str. 60;14169;Gas;318.239;326.525;304.394;;;;Stromversorgung aus Nr. 45;;;;;
103;Cole Sports Center Hüttenweg;Hüttenweg 43;14195;Fernwärme;563.517;522.776;382.583;;;;Stromversorgung aus Nr. 60;;;;;
104;Sporthalle Marshallstraße;Marshallstr. 3;14169;Fernwärme;291.837;241.333;221.131;;;;Stromversorgung aus Nr. 60;;;;;
105;Ernst-Reuter-Sportfeld;Onkel-Tom-Str. 40 / Siebenendenweg;14169;Gas;440.491;490.752;468.269;25.061;27.471;29.019;anteilige Stromversorgung aus Nr. 45;;;;;
106;Sportplatz Sachtlebenstraße;Sachtlebenstr. 36;14165;Gas;185.910;192.828;188.766;14.517;15.163;14.290;;;;;;
107;"Seniorenfreizeitstätte ""Maria Rimkus""";Gallwitzallee 53;12249;Gas;39.717;40.184;40.277;14.821;14.620;14.302;;;;;;
108;Seniorenfreizeitstätte Ostpreußendamm 52;Ostpreußendamm 52;12207;Gas;60.435;61.360;62.761;8.303;8.432;9.284;;;;;;
109;"Seniorenfreizeitstätte Selerweg 18 - ""Club Steglitz""";Selerweg 18;12169;Gas;40.133;43.878;40.251;11.320;11.325;10.534;;;;;;
110;Seniorenfreizeitstätte Bolchener Str. 5;Bolchener Str. 5;14167;Fernwärme;137.517;105.810;91.749;14.971;16.454;15.791;;;;;;
111;"Seniorenfreizeitstätte ""Nord"" - Argentinische Allee 89";Argentinische Allee 87;14167;Gas;110.445;120.445;103.488;25.200;23.600;26.550;;;;;;
112;"Seniorenfreizeitstätte ""Süd"" - Teltower Damm 226";Teltower Damm 226;14167;Gas;56.924;64.125;65.362;13.719;14.377;16.560;;;;;;
113;"SWH ""Kurt Arnold"" Mudrastraße 1-11";Mudrastraße 1-11;12249;Fernwärme;728.716;;;26.079;00;00;Liegenschaft ist zum 01.01.2018 verkauft;;;;;
114;SWH Tautenburger Straße 34;Tautenburgerstr. 34;12249;Fernwärme;173.505;158.090;89.240;7.849;7.760;3.536;Liegenschaft ist zum 01.07.2019 verkauft;;;;;
115;"SWH ""Haus Dreilinden"" - Dreilindenstraße 81-85";Dreilindenstr. 81-85;14109;Fernwärme;887.433;;;58.580;00;00;Liegenschaft ist zum 01.01.2018 verkauft;;;;;
116;Rathaus Steglitz;Schloßstr. 37;12163;Fernwärme;126.155;117.704;110.169;73.141;76.435;71.689;;;;;;
117;Rathaus Lichterfelde;Goethestr. 9-13;12207;Gas;351.593;434.755;406.450;53.706;39.819;87.800;;;;;;
118;Rathaus Zehlendorf;Kirchstr. 1-3, alle Bauteile;14163;Gas;2.767.048;2.670.701;2.606.034;898.129;879.742;875.807;"versorgt mit Strom: Nr. 119; 120; 134 sowie Musikschule Zehlendorf";;;;;
119;Grundstücksamt - Martin-Buber-Straße 2;Martin-Buber-Str. 2;14163;Gas;68.901;72.468;67.393;;;;Stromversorgung aus Nr. 118;;;;;
120;Standesamt Teltower Damm 10;Teltower Damm 10;14167;Gas;70.060;70.716;66.228;;;;Stromversorgung aus Nr. 118;;;;;
121;Jugendamt-Regionalendienst - Hohenzollernstr. 11;Hohenzollernstr. 11;14163;Gas;113.092;114.903;88.429;4.764;5.545;8.063;;;;;;
122;Gesundheitsamt Potsdamer Straße 8;Potsdamer Str. 8;14163;Gas;268.341;281.162;257.893;;;;Stromversorgung aus Nr. 184;;;;;
123;Erziehungs-u. Familienberatung Königin-Luise-Str. 88;Königin-Luise-Str. 88;14195;Gas;;;;7.244;12.436;10.564;Wärmeversorgung aus Nr. 88;;;;;
124;Vet.- u. Lebensmittelaufsicht Königin-Luise-Str. 92;Königin-Luise-Str. 92 (Föhrenweg);14195;Gas;;;;18.602;20.124;18.764;Wärmeversorgung aus Nr. 88;;;;;
125;Vet.- u. Lebensmittelaufsicht Königin-Luise-Str. 96;Königin-Luise-Str. 96;14195;Gas;;;;15.648;16.422;16.668;Wärmeversorgung aus Nr. 88;;;;;
126;Ratswaage-Frauenverein;Charlottenstr. 64;12247;Gas;13.892;11.655;17.186;1.209;494;998;;;;;;
127;Gutshaus Steglitz;Wrangelstr. 1;12165;Fernwärme;139.779;120.869;106.131;29.950;33.100;47.200;;;;;;
128;Stadtteilbibliothek Lankwitz;Bruchwitzstr. 37;12247;Gas;139.902;135.961;138.205;29.107;28.028;28.593;;;;;;
129;Gottfried-Benn Bibliothek;Beuckestr. 1-3 // Nentershauser Platz 1;14163;Gas;181.774;190.719;176.155;00;00;00;Stromversorgung aus Nr. 54;;;;;
130;Schwartzsche Villa;Grunewaldstr. 55;12165;Fernwärme;156.969;152.451;139.979;40.920;43.020;39.180;;;;;;
131;Musikschule und Kunstamt;Grabertstr. 4;12169;Gas;53.117;54.628;54.420;13.673;10.859;13.736;;;;;;
132;VHS - Haus der Volkshochschule;Onkel-Tom-Str. 14;14163;Gas;248.794;230.927;244.565;00;00;00;Stromversorgung aus Nr. 184;;;;;
133;VHS Lehrstätte Rondellstraße 5;Rondellstr. 5;14163;Gas;79.512;71.135;91.348;13.620;18.180;16.380;;;;;;
134;VHS Geschäftsstelle Markgrafenstraße 3;Markgrafenstr. 3;14163;Gas;78.603;76.328;83.320;00;00;00;Stromversorgung aus Nr. 118;;;;;
135;Heimatverein/Kunstamt;Clayallee 355;14163;Gas;30.168;68.201;40.288;6.403;5.975;6.523;;;;;;
136;Jugendverkehrsschule - Steglitz (Schulverkehrsgarten);Albrechtstraße 42;12167;Elektroheizung;15.902;11.893;10.072;17.438;12.649;10.984;;;;;;
137;Verwaltungsgebäude - Ordnungsamt / Jugendamt;Unter den Eichen 1;12203;Fernwärme;145.327;130.070;116.399;50.515;34.860;38.500;;;;;;
138;Sozialpsychiatrischer Dienst Bergstraße;Bergstr. 90;12169;Gas;157.535;168.113;141.109;22.410;17.691;18.453;;;;;;
139;Fürsorgestelle Sonnebergerweg;Sonnebergerweg 28-29;12209;Gas;120.049;157.947;119.508;9.727;7.528;9.418;;;;;;
140;Fürsorgestelle Mercatorweg;Mercatorweg 6;12207;Fernwärme;80.085;76.838;72.959;19.690;27.569;24.727;;;;;;
141;Jugendgesundheitsdienst Charlottenstr. 10;Charlottenstr. 10;14109;Gas;85.089;89.509;84.977;;;;Stromversorgung aus Nr. 43;;;;;
142;Sozialpsychiatrischer Dienst Königstr. 36;Königstr. 36;14163;Gas;134.564;137.927;108.995;9.616;10.149;12.543;;;;;;
143;PUK Albrechtstraße 47;Albrechtstraße 47;12167;Nachtspeicher-heizung;18.499;56.763;48.711;8.496;9.489;6.243;;;;;;
144;PUK Am Gemeindepark 1;Am Gemeindepark 1;12249;Gas;;;;28.733;28.343;28.372;Wärmeversorgung aus Nr. 97;;;;;
145;PUK Bergstraße 50;Bergstr. 50;12169;Nachtspeicher-heizung;30.633;27.768;15.468;11.076;11.756;5.358;;;;;;
146;PUK Goebenstraße 4;Goebenstr. 4;12167;Elektroheizung;254;259;3.029;294;288;3.448;;;;;;
147;PUK Hindenburgdamm 26-28;Hindenburgdamm 26-28;12203;Nachtspeicher-heizung;723;750;78;182;00;00;;;;;;
148;PUK Klingsorstraße 96 a;Klingsorstr. 96a;12203;Gas;14.898;15.289;20.092;801;789;977;;;;;;
149;PUK Krahmerstraße 14;Krahmerstr. 14;12207;Gas;34.653;39.731;33.203;4.822;4.592;4.891;;;;;;
150;PUK Ostpreußendamm 95 c;Ostpreußendamm 95 c;12207;Nachtspeicher-heizung;;;;4.202;3.384;3.437;ausser Betrieb / Frostfreihaltung;;;;;
151;PUK Preysingstrraße 44;Preysingstr. 44;12249;Elektroheizung;;;;;;;ausser Betrieb / Frostfreihaltung;;;;;
152;PUK Schildhornstraße 5 a;Schildhornstr. 5a;12163;Nachtspeicher-heizung;;;;;;;ausser Betrieb;;;;;
153;PUK Schütte-Lanz-Straße 59;Schütte-Lanz-Str. 59;12209;Gas;91.686;95.682;88.804;5.296;4.717;5.327;;;;;;
154;PUK Stubenrauchstraße 14 a;Stubenrauchstr. 14a;12203;Nachtspeicher-heizung;21.505;22.704;31.338;12.013;5.442;39.552;;;;;;
155;PUK Wunsiedeler Weg 28;Wunsiedeler Weg 28 / 30;12247;Nachtspeicher-heizung;;;;;;;ausser Betrieb;;;;;
156;Werkhof Dillgestraße / Charlottenstraße;Dillgestr. 1 - 5;12247;Gas;429.858;458.565;452.886;39.442;39.098;40.849;;;;;;
157;Friedhof Bergstaße 38;Bergstraße 38 & Bismarkstraße 50;12169;Gas;190.612;371.932;338.385;63.435;49.294;45.539;;;;;;
158;Friedhof Lange Straße 8;Lange Str. 8 / Kiesstraße 21;12209;Gas;66.469;53.363;57.347;5.958;7.899;5.861;;;;;;
159;Friedhof Moltkestraße 41 a - 42;Moltkestr. 42 - 41a;12203;Nachtspeicher-heizung;18.449;17.125;18.017;12.652;9.897;9.714;;;;;;
160;Parkfriedhof Thuner Platz 2 - 4;Thuner Platz 2-4;12205;Gas;386.247;394.429;398.943;38.982;42.841;57.987;;;;;;
161;PUK Am Erlenbusch;Am Erlenbusch (ggü. Nr. 13 );14169;Gas;28.287;26.563;37.960;1.844;1.413;7.406;;;;;;
162;PUK Am Schlachtensee 72  - Paul-Ernst-Park;Am Schlachtensee 72;14129;Gas;29.096;34.226;41.675;853;4.801;3.892;;;;;;
163;PUK Berlepschstraße 153 - Grünzug Düppel-Süd;Berlepschstr. 153;14165;Nachtspeicher-heizung;6.620;545;1.284;119;35;6.526;;;;;;
164;PUK Bitterstr. 12a - Thielpark;Bitterstr. 12a;14195;Gas;30.617;13.680;10.250;6.150;2.589;6.449;;;;;;
165;PUK Dahlemer Weg  - Heinrich-Laehr-Park;Heinrich-Laehr-Park;14167;Nachtspeicher-heizung;;;;287;276;257;ausser Betrieb / Frostfreihaltung;;;;;
166;PUK Finkenstr. 13 - Finkenpark;Finkenstr. 13 (ggü)- Heinr.- Stahl- Weg;14195;Nachtspeicher-heizung;14.396;16.753;9.478;5.577;2.889;1.776;;;;;;
167;PUK Hohentwielsteig - ehem. Baumschule;Hohentwielsteig / Potsd. Ch. 101;14163;Elektroheizung;;;;;;;ausser Betrieb;;;;;
168;PUK Königstr. 35 - Glienicker Park;Königstr. 35 e, d, b, c;14109;Gas;42.985;52.378;50.667;21.542;10.514;4.556;;;;;;
169;PUK Königstr. 42 - Gymnastikhalle Wannsee;Königstr. 42a;14109;Gas;154;165;123;6.009;5.917;6.017;;;;;;
170;PUK Leichhardtstraße - Dreipfuhlpark;Leichhardtstr. 45 (Dreipfuhlpark);14195;Öl;34.067;39.415;37.152;1.522;1.549;1.479;;;;;;
171;PUK Krottnauer Straße;Krottnauer Str. 77;14129;Elektroheizung;;;;;;;Stromversorgung aus Nr. 41;;;;;
172;PUK Nibelungenstraße 50;Nibelungenstr. 50 / Dreilindenstr. 81 Y;14109;Gas;49.179;27.731;26.521;11.545;9.301;11.266;;;;;;
173;PUK Onkel-Tom-Str. 40 & 63 - Fischtalpark;Onkel-Tom-Str. 40 und 63;14169;Gas;35.188;44.236;40.800;;;;Stromversorgung aus Nr. 45;;;;;
174;PUK Onkel-Tom-Str. 165 - 167 Y - Rodelbahn;Onkel-Tom-Str. 165;14169;Elektroheizung;;;;;;;Stromversorgung aus Nr. 45;;;;;
175;PUK Rondellstraße - Gemeindewäldchen;Gemeindewäldchen / Potsdamerstraße;14163;Nachtspeicher-heizung;;;;367;360;385;ausser Betrieb / Frostfreihaltung;;;;;
176;PUK Rötheweg 4 - Elvirasteig;Rötheweg 4;14129;Nachtspeicher-heizung;13.815;16.638;11.768;1.109;483;1.055;;;;;;
177;PUK Sachtlebenstraße 55;Sachtlebenstr. 55;14165;Nachtspeicher-heizung;15.624;16.310;23.891;3.971;3.909;6.452;;;;;;
178;PUK Sundgauer Str. 133;Sundgauer Str. 133;14167;Fernwärme;24.778;24.792;27.472;11.752;12.306;11.922;;;;;;
179;PUK Thielallee 57 - Thielpark;Thielallee 57;14169;Gas;40.702;42.139;42.745;1.328;1.481;1.323;;;;;;
180;PUK Niklasstraße 2 c - Lagerplatz;Niklasstr. 2c;14163;Gas;;;;20.105;16.586;21.029;;;;;;
181;Freilandlabor - Zehlendorf - Sachtlebenstraße 32;Sachtlebenstraße 32;14165;Gas;81.872;49.103;52.665;316;2.091;640;;;;;;
182;Friedhof Dahlem - Königin-Luise-Straße 57;Königin-Luise-Str. 57;14195;Nachtspeicher-heizung;14.876;12.370;10.345;590;266;756;;;;;;
183;Friedhof Wannsee - Friedensstraße 8 / 10;Friedenstr. 8/10;14109;Gas;37.457;27.558;11.558;8.034;6.306;787;;;;;;
184;Friedhof Zehlendorf - Onkel-Tom-Straße 26 / 30;Onkel-Tom-Str. 26 / 30;14165;Gas;58.437;53.781;46.484;278.171;279.924;275.263;"versorgt mit Strom: Nr. 39; 123; 133";;;;;
185;Waldfriedhof Dahlem - Hüttenweg 47;Hüttenweg 47;14195;Gas;46.051;152.215;104.552;16.909;9.701;8.001;;;;;;
186;Waldfriedhof Zehlendorf - Wasgensteig 30;Wasgensteig 30;14129;Gas;233.294;222.093;323.614;61.214;59.131;54.881;;;;;;
Gesamtsumme;;;;;72.540.409;71.718.924;67.878.598;13.366.028;13.108.900;13.367.127;;;;;;
;;;;;;;;;;;;;;;;
;;;;;;;;;;;;;;;;
;;;;;;;;;;;;;;;;
;;;;;;;;;;;;;;;;
;;;;;;;;;;;;;;;;
;;;;;;;;;;;;;;;;
;;;;;;;;;;;;;;;;
;;;;;;;;;;;;;;;;
;;;;;;;;;;;;;;;;
;;;;;;;;;;;;;;;;
;;;;;;;;;;;;;;;;
